,sdata,PYR,BC,OLM,loss,time_this_iter_s,done,training_iteration,trial_id,date,timestamp,time_total_s,pid,hostname,node_ip,time_since_restore,iterations_since_restore,config/netParams.connParams.BC->BC_GABA.weight,config/netParams.connParams.BC->PYR_GABA.weight,config/netParams.connParams.OLM->PYR_GABA.weight,config/netParams.connParams.PYR->BC_AMPA.weight,config/netParams.connParams.PYR->OLM_AMPA.weight,config/netParams.connParams.PYR->PYR_AMPA.weight,logdir
0,"netParams.connParams.PYR->BC_AMPA.weight      0.000468
netParams.connParams.BC->BC_GABA.weight       0.005040
netParams.connParams.PYR->OLM_AMPA.weight     0.000396
netParams.connParams.BC->PYR_GABA.weight      0.000814
netParams.connParams.PYR->PYR_AMPA.weight     0.000012
netParams.connParams.OLM->PYR_GABA.weight     0.087120
PYR                                           3.320000
BC                                           18.500000
OLM                                           3.790000
dtype: float64",3.32,18.5,3.79,0.5142666666666661,42.922558307647705,False,1,8f6f5217,2023-07-29_11-52-58,1690645978,42.922558307647705,374609,node08,10.0.0.8,42.922558307647705,1,0.005039999999999999,0.0008136,0.08712,0.000468,0.00039600000000000003,1.2200000000000002e-05,"/ddn/jchen/ray_results/objective_2023-07-29_11-52-02/objective_8f6f5217_1_netParams_connParams_BC-_BC_GABA_weight=0.0050,netParams_connParams_BC-_PYR_GABA_weight=0.0008,netParams_conn_2023-07-29_11-52-08"
1,"netParams.connParams.PYR->BC_AMPA.weight      0.000486
netParams.connParams.BC->BC_GABA.weight       0.005850
netParams.connParams.PYR->OLM_AMPA.weight     0.000356
netParams.connParams.BC->PYR_GABA.weight      0.000907
netParams.connParams.PYR->PYR_AMPA.weight     0.000016
netParams.connParams.OLM->PYR_GABA.weight     0.089280
PYR                                           3.380000
BC                                           17.200000
OLM                                           3.840000
dtype: float64",3.38,17.2,3.84,2.1295,32.47022819519043,False,1,6884f717,2023-07-29_11-53-31,1690646011,32.47022819519043,374609,node08,10.0.0.8,32.47022819519043,1,0.005849999999999999,0.0009072000000000002,0.08928,0.000486,0.0003564,1.62e-05,"/ddn/jchen/ray_results/objective_2023-07-29_11-52-02/objective_6884f717_2_netParams_connParams_BC-_BC_GABA_weight=0.0058,netParams_connParams_BC-_PYR_GABA_weight=0.0009,netParams_conn_2023-07-29_11-52-58"
2,"netParams.connParams.PYR->BC_AMPA.weight      0.000194
netParams.connParams.BC->BC_GABA.weight       0.006480
netParams.connParams.PYR->OLM_AMPA.weight     0.000364
netParams.connParams.BC->PYR_GABA.weight      0.000792
netParams.connParams.PYR->PYR_AMPA.weight     0.000021
netParams.connParams.OLM->PYR_GABA.weight     0.041040
PYR                                           3.750000
BC                                           18.000000
OLM                                           3.990000
dtype: float64",3.75,18.0,3.99,1.109499999999999,33.312445878982544,False,1,5ec20410,2023-07-29_11-54-04,1690646044,33.312445878982544,374609,node08,10.0.0.8,33.312445878982544,1,0.00648,0.0007920000000000001,0.04103999999999999,0.0001944,0.00036360000000000006,2.1000000000000002e-05,"/ddn/jchen/ray_results/objective_2023-07-29_11-52-02/objective_5ec20410_3_netParams_connParams_BC-_BC_GABA_weight=0.0065,netParams_connParams_BC-_PYR_GABA_weight=0.0008,netParams_conn_2023-07-29_11-53-31"
3,"netParams.connParams.PYR->BC_AMPA.weight      0.000216
netParams.connParams.BC->BC_GABA.weight       0.004680
netParams.connParams.PYR->OLM_AMPA.weight     0.000245
netParams.connParams.BC->PYR_GABA.weight      0.001037
netParams.connParams.PYR->PYR_AMPA.weight     0.000025
netParams.connParams.OLM->PYR_GABA.weight     0.051840
PYR                                           3.440000
BC                                           19.700000
OLM                                           3.260000
dtype: float64",3.44,19.7,3.26,0.0180333333333333,33.56711387634277,False,1,9f7ac7ec,2023-07-29_11-54-38,1690646078,33.56711387634277,374609,node08,10.0.0.8,33.56711387634277,1,0.00468,0.0010368,0.05184,0.00021600000000000002,0.0002448,2.5000000000000005e-05,"/ddn/jchen/ray_results/objective_2023-07-29_11-52-02/objective_9f7ac7ec_4_netParams_connParams_BC-_BC_GABA_weight=0.0047,netParams_connParams_BC-_PYR_GABA_weight=0.0010,netParams_conn_2023-07-29_11-54-04"
4,"netParams.connParams.PYR->BC_AMPA.weight      0.000515
netParams.connParams.BC->BC_GABA.weight       0.004140
netParams.connParams.PYR->OLM_AMPA.weight     0.000403
netParams.connParams.BC->PYR_GABA.weight      0.000828
netParams.connParams.PYR->PYR_AMPA.weight     0.000012
netParams.connParams.OLM->PYR_GABA.weight     0.058320
PYR                                           3.230000
BC                                           18.400000
OLM                                           3.020000
dtype: float64",3.23,18.4,3.02,0.6348666666666674,34.575133085250854,False,1,0f399649,2023-07-29_11-55-12,1690646112,34.575133085250854,374609,node08,10.0.0.8,34.575133085250854,1,0.00414,0.0008280000000000001,0.05832,0.0005148,0.00040320000000000004,1.18e-05,"/ddn/jchen/ray_results/objective_2023-07-29_11-52-02/objective_0f399649_5_netParams_connParams_BC-_BC_GABA_weight=0.0041,netParams_connParams_BC-_PYR_GABA_weight=0.0008,netParams_conn_2023-07-29_11-54-38"
5,"netParams.connParams.PYR->BC_AMPA.weight      0.000295
netParams.connParams.BC->BC_GABA.weight       0.006525
netParams.connParams.PYR->OLM_AMPA.weight     0.000389
netParams.connParams.BC->PYR_GABA.weight      0.000641
netParams.connParams.PYR->PYR_AMPA.weight     0.000013
netParams.connParams.OLM->PYR_GABA.weight     0.052560
PYR                                           3.480000
BC                                           17.800000
OLM                                           3.560000
dtype: float64",3.48,17.8,3.56,1.2125666666666648,32.789445638656616,False,1,b53f4418,2023-07-29_11-55-45,1690646145,32.789445638656616,374609,node08,10.0.0.8,32.789445638656616,1,0.0065249999999999996,0.0006408,0.052559999999999996,0.0002952,0.0003888,1.2800000000000001e-05,"/ddn/jchen/ray_results/objective_2023-07-29_11-52-02/objective_b53f4418_6_netParams_connParams_BC-_BC_GABA_weight=0.0065,netParams_connParams_BC-_PYR_GABA_weight=0.0006,netParams_conn_2023-07-29_11-55-12"
6,"netParams.connParams.PYR->BC_AMPA.weight      0.000504
netParams.connParams.BC->BC_GABA.weight       0.006165
netParams.connParams.PYR->OLM_AMPA.weight     0.000270
netParams.connParams.BC->PYR_GABA.weight      0.001015
netParams.connParams.PYR->PYR_AMPA.weight     0.000013
netParams.connParams.OLM->PYR_GABA.weight     0.062640
PYR                                           3.320000
BC                                           16.100000
OLM                                           2.870000
dtype: float64",3.32,16.1,2.87,4.440133333333328,33.086602210998535,False,1,627435ae,2023-07-29_11-56-18,1690646178,33.086602210998535,374609,node08,10.0.0.8,33.086602210998535,1,0.006165,0.0010152000000000002,0.06264,0.000504,0.00027,1.32e-05,"/ddn/jchen/ray_results/objective_2023-07-29_11-52-02/objective_627435ae_7_netParams_connParams_BC-_BC_GABA_weight=0.0062,netParams_connParams_BC-_PYR_GABA_weight=0.0010,netParams_conn_2023-07-29_11-55-45"
7,"netParams.connParams.PYR->BC_AMPA.weight      0.000511
netParams.connParams.BC->BC_GABA.weight       0.004860
netParams.connParams.PYR->OLM_AMPA.weight     0.000349
netParams.connParams.BC->PYR_GABA.weight      0.001051
netParams.connParams.PYR->PYR_AMPA.weight     0.000020
netParams.connParams.OLM->PYR_GABA.weight     0.074160
PYR                                           3.060000
BC                                           17.400000
OLM                                           3.460000
dtype: float64",3.06,17.4,3.46,1.7895000000000012,33.99404287338257,False,1,f06f223b,2023-07-29_11-56-52,1690646212,33.99404287338257,374609,node08,10.0.0.8,33.99404287338257,1,0.00486,0.0010512000000000002,0.07416,0.0005112000000000001,0.00034920000000000003,2.0200000000000003e-05,"/ddn/jchen/ray_results/objective_2023-07-29_11-52-02/objective_f06f223b_8_netParams_connParams_BC-_BC_GABA_weight=0.0049,netParams_connParams_BC-_PYR_GABA_weight=0.0011,netParams_conn_2023-07-29_11-56-18"
8,"netParams.connParams.PYR->BC_AMPA.weight      0.000371
netParams.connParams.BC->BC_GABA.weight       0.002655
netParams.connParams.PYR->OLM_AMPA.weight     0.000284
netParams.connParams.BC->PYR_GABA.weight      0.000482
netParams.connParams.PYR->PYR_AMPA.weight     0.000022
netParams.connParams.OLM->PYR_GABA.weight     0.058320
PYR                                           3.510000
BC                                           23.900000
OLM                                           3.470000
dtype: float64",3.51,23.9,3.47,5.889633333333332,33.23198413848877,False,1,96ad95d0,2023-07-29_11-57-26,1690646246,33.23198413848877,374609,node08,10.0.0.8,33.23198413848877,1,0.002655,0.0004824,0.05832,0.0003708,0.00028440000000000003,2.2e-05,"/ddn/jchen/ray_results/objective_2023-07-29_11-52-02/objective_96ad95d0_9_netParams_connParams_BC-_BC_GABA_weight=0.0027,netParams_connParams_BC-_PYR_GABA_weight=0.0005,netParams_conn_2023-07-29_11-56-52"
9,"netParams.connParams.PYR->BC_AMPA.weight      0.000439
netParams.connParams.BC->BC_GABA.weight       0.003555
netParams.connParams.PYR->OLM_AMPA.weight     0.000313
netParams.connParams.BC->PYR_GABA.weight      0.000605
netParams.connParams.PYR->PYR_AMPA.weight     0.000015
netParams.connParams.OLM->PYR_GABA.weight     0.038160
PYR                                           3.620000
BC                                           22.500000
OLM                                           3.700000
dtype: float64",3.62,22.5,3.7,2.6571000000000016,32.685837268829346,False,1,db3fa9f1,2023-07-29_11-57-58,1690646278,32.685837268829346,374609,node08,10.0.0.8,32.685837268829346,1,0.003555,0.0006048000000000001,0.03816,0.00043920000000000005,0.0003132,1.48e-05,"/ddn/jchen/ray_results/objective_2023-07-29_11-52-02/objective_db3fa9f1_10_netParams_connParams_BC-_BC_GABA_weight=0.0036,netParams_connParams_BC-_PYR_GABA_weight=0.0006,netParams_con_2023-07-29_11-57-26"
10,"netParams.connParams.PYR->BC_AMPA.weight      0.000194
netParams.connParams.BC->BC_GABA.weight       0.003240
netParams.connParams.PYR->OLM_AMPA.weight     0.000180
netParams.connParams.BC->PYR_GABA.weight      0.000425
netParams.connParams.PYR->PYR_AMPA.weight     0.000029
netParams.connParams.OLM->PYR_GABA.weight     0.106560
PYR                                           3.660000
BC                                           23.100000
OLM                                           2.940000
dtype: float64",3.66,23.1,2.94,3.981100000000005,32.41130995750427,False,1,4ea15d1b,2023-07-29_11-58-31,1690646311,32.41130995750427,374609,node08,10.0.0.8,32.41130995750427,1,0.00324,0.0004248,0.10655999999999999,0.0001944,0.00018,2.8600000000000004e-05,"/ddn/jchen/ray_results/objective_2023-07-29_11-52-02/objective_4ea15d1b_11_netParams_connParams_BC-_BC_GABA_weight=0.0032,netParams_connParams_BC-_PYR_GABA_weight=0.0004,netParams_con_2023-07-29_11-57-58"
11,"netParams.connParams.PYR->BC_AMPA.weight      0.000313
netParams.connParams.BC->BC_GABA.weight       0.005175
netParams.connParams.PYR->OLM_AMPA.weight     0.000533
netParams.connParams.BC->PYR_GABA.weight      0.000922
netParams.connParams.PYR->PYR_AMPA.weight     0.000025
netParams.connParams.OLM->PYR_GABA.weight     0.079200
PYR                                           3.220000
BC                                           17.900000
OLM                                           4.500000
dtype: float64",3.22,17.9,4.5,1.438433333333334,33.30320167541504,False,1,42c71aa5,2023-07-29_11-59-04,1690646344,33.30320167541504,374609,node08,10.0.0.8,33.30320167541504,1,0.005174999999999999,0.0009216000000000001,0.07919999999999999,0.0003132,0.0005328,2.5200000000000003e-05,"/ddn/jchen/ray_results/objective_2023-07-29_11-52-02/objective_42c71aa5_12_netParams_connParams_BC-_BC_GABA_weight=0.0052,netParams_connParams_BC-_PYR_GABA_weight=0.0009,netParams_con_2023-07-29_11-58-31"
12,"netParams.connParams.PYR->BC_AMPA.weight      0.000400
netParams.connParams.BC->BC_GABA.weight       0.005400
netParams.connParams.PYR->OLM_AMPA.weight     0.000461
netParams.connParams.BC->PYR_GABA.weight      0.000734
netParams.connParams.PYR->PYR_AMPA.weight     0.000025
netParams.connParams.OLM->PYR_GABA.weight     0.085680
PYR                                           3.600000
BC                                           20.600000
OLM                                           4.770000
dtype: float64",3.6,20.6,4.77,0.8558666666666674,32.112884521484375,False,1,dc65b07b,2023-07-29_11-59-36,1690646376,32.112884521484375,374609,node08,10.0.0.8,32.112884521484375,1,0.005399999999999999,0.0007344000000000001,0.08567999999999999,0.00039960000000000006,0.00046080000000000003,2.54e-05,"/ddn/jchen/ray_results/objective_2023-07-29_11-52-02/objective_dc65b07b_13_netParams_connParams_BC-_BC_GABA_weight=0.0054,netParams_connParams_BC-_PYR_GABA_weight=0.0007,netParams_con_2023-07-29_11-59-04"
13,"netParams.connParams.PYR->BC_AMPA.weight      0.000270
netParams.connParams.BC->BC_GABA.weight       0.004365
netParams.connParams.PYR->OLM_AMPA.weight     0.000205
netParams.connParams.BC->PYR_GABA.weight      0.000929
netParams.connParams.PYR->PYR_AMPA.weight     0.000017
netParams.connParams.OLM->PYR_GABA.weight     0.100080
PYR                                           3.320000
BC                                           17.100000
OLM                                           2.690000
dtype: float64",3.32,17.1,2.69,2.456266666666663,33.15028357505798,False,1,155d661d,2023-07-29_12-00-10,1690646410,33.15028357505798,374609,node08,10.0.0.8,33.15028357505798,1,0.004364999999999999,0.0009288,0.10008,0.00027,0.0002052,1.7e-05,"/ddn/jchen/ray_results/objective_2023-07-29_11-52-02/objective_155d661d_14_netParams_connParams_BC-_BC_GABA_weight=0.0044,netParams_connParams_BC-_PYR_GABA_weight=0.0009,netParams_con_2023-07-29_11-59-36"
14,"netParams.connParams.PYR->BC_AMPA.weight      0.000248
netParams.connParams.BC->BC_GABA.weight       0.004635
netParams.connParams.PYR->OLM_AMPA.weight     0.000443
netParams.connParams.BC->PYR_GABA.weight      0.001058
netParams.connParams.PYR->PYR_AMPA.weight     0.000024
netParams.connParams.OLM->PYR_GABA.weight     0.092880
PYR                                           2.910000
BC                                           15.600000
OLM                                           2.770000
dtype: float64",2.91,15.6,2.77,5.8283,33.27507758140564,False,1,9bca1f1f,2023-07-29_12-00-43,1690646443,33.27507758140564,374609,node08,10.0.0.8,33.27507758140564,1,0.004635,0.0010584000000000001,0.09287999999999999,0.0002484,0.00044280000000000003,2.4200000000000002e-05,"/ddn/jchen/ray_results/objective_2023-07-29_11-52-02/objective_9bca1f1f_15_netParams_connParams_BC-_BC_GABA_weight=0.0046,netParams_connParams_BC-_PYR_GABA_weight=0.0011,netParams_con_2023-07-29_12-00-10"
15,"netParams.connParams.PYR->BC_AMPA.weight      0.000436
netParams.connParams.BC->BC_GABA.weight       0.003780
netParams.connParams.PYR->OLM_AMPA.weight     0.000234
netParams.connParams.BC->PYR_GABA.weight      0.000583
netParams.connParams.PYR->PYR_AMPA.weight     0.000010
netParams.connParams.OLM->PYR_GABA.weight     0.066960
PYR                                           3.540000
BC                                           20.400000
OLM                                           3.210000
dtype: float64",3.54,20.4,3.21,0.1991999999999997,35.06058430671692,False,1,93159959,2023-07-29_12-01-18,1690646478,35.06058430671692,374609,node08,10.0.0.8,35.06058430671692,1,0.0037799999999999995,0.0005832000000000001,0.06695999999999999,0.00043560000000000007,0.00023400000000000002,1e-05,"/ddn/jchen/ray_results/objective_2023-07-29_11-52-02/objective_93159959_16_netParams_connParams_BC-_BC_GABA_weight=0.0038,netParams_connParams_BC-_PYR_GABA_weight=0.0006,netParams_con_2023-07-29_12-00-43"
16,"netParams.connParams.PYR->BC_AMPA.weight      0.000421
netParams.connParams.BC->BC_GABA.weight       0.003825
netParams.connParams.PYR->OLM_AMPA.weight     0.000238
netParams.connParams.BC->PYR_GABA.weight      0.000554
netParams.connParams.PYR->PYR_AMPA.weight     0.000029
netParams.connParams.OLM->PYR_GABA.weight     0.048960
PYR                                           3.760000
BC                                           23.900000
OLM                                           3.980000
dtype: float64",3.76,23.9,3.98,6.025499999999998,34.30589818954468,False,1,368455b3,2023-07-29_12-01-53,1690646513,34.30589818954468,374609,node08,10.0.0.8,34.30589818954468,1,0.0038249999999999994,0.0005544,0.04896,0.00042120000000000005,0.00023760000000000003,2.9200000000000005e-05,"/ddn/jchen/ray_results/objective_2023-07-29_11-52-02/objective_368455b3_17_netParams_connParams_BC-_BC_GABA_weight=0.0038,netParams_connParams_BC-_PYR_GABA_weight=0.0006,netParams_con_2023-07-29_12-01-18"
17,"netParams.connParams.PYR->BC_AMPA.weight      0.000338
netParams.connParams.BC->BC_GABA.weight       0.002925
netParams.connParams.PYR->OLM_AMPA.weight     0.000241
netParams.connParams.BC->PYR_GABA.weight      0.000367
netParams.connParams.PYR->PYR_AMPA.weight     0.000010
netParams.connParams.OLM->PYR_GABA.weight     0.066960
PYR                                           3.780000
BC                                           24.900000
OLM                                           3.770000
dtype: float64",3.78,24.9,3.77,9.107866666666665,31.92164087295532,False,1,59aa884f,2023-07-29_12-02-25,1690646545,31.92164087295532,374609,node08,10.0.0.8,31.92164087295532,1,0.0029249999999999996,0.00036720000000000004,0.06695999999999999,0.0003384,0.0002412,1e-05,"/ddn/jchen/ray_results/objective_2023-07-29_11-52-02/objective_59aa884f_18_netParams_connParams_BC-_BC_GABA_weight=0.0029,netParams_connParams_BC-_PYR_GABA_weight=0.0004,netParams_con_2023-07-29_12-01-53"
18,"netParams.connParams.PYR->BC_AMPA.weight      0.000230
netParams.connParams.BC->BC_GABA.weight       0.003960
netParams.connParams.PYR->OLM_AMPA.weight     0.000310
netParams.connParams.BC->PYR_GABA.weight      0.000684
netParams.connParams.PYR->PYR_AMPA.weight     0.000017
netParams.connParams.OLM->PYR_GABA.weight     0.046800
PYR                                           3.470000
BC                                           20.200000
OLM                                           3.660000
dtype: float64",3.47,20.2,3.66,0.101,33.37116551399231,False,1,48c6b8c2,2023-07-29_12-02-58,1690646578,33.37116551399231,374609,node08,10.0.0.8,33.37116551399231,1,0.00396,0.000684,0.046799999999999994,0.00023040000000000002,0.00030960000000000004,1.72e-05,"/ddn/jchen/ray_results/objective_2023-07-29_11-52-02/objective_48c6b8c2_19_netParams_connParams_BC-_BC_GABA_weight=0.0040,netParams_connParams_BC-_PYR_GABA_weight=0.0007,netParams_con_2023-07-29_12-02-25"
19,"netParams.connParams.PYR->BC_AMPA.weight      0.000241
netParams.connParams.BC->BC_GABA.weight       0.002385
netParams.connParams.PYR->OLM_AMPA.weight     0.000310
netParams.connParams.BC->PYR_GABA.weight      0.000691
netParams.connParams.PYR->PYR_AMPA.weight     0.000018
netParams.connParams.OLM->PYR_GABA.weight     0.047520
PYR                                           3.250000
BC                                           23.000000
OLM                                           2.670000
dtype: float64",3.25,23.0,2.67,3.846033333333335,34.1601243019104,False,1,3969f999,2023-07-29_12-03-32,1690646612,34.1601243019104,374609,node08,10.0.0.8,34.1601243019104,1,0.002385,0.0006912000000000001,0.04751999999999999,0.0002412,0.00030960000000000004,1.78e-05,"/ddn/jchen/ray_results/objective_2023-07-29_11-52-02/objective_3969f999_20_netParams_connParams_BC-_BC_GABA_weight=0.0024,netParams_connParams_BC-_PYR_GABA_weight=0.0007,netParams_con_2023-07-29_12-02-58"
20,"netParams.connParams.PYR->BC_AMPA.weight      0.000223
netParams.connParams.BC->BC_GABA.weight       0.005625
netParams.connParams.PYR->OLM_AMPA.weight     0.000299
netParams.connParams.BC->PYR_GABA.weight      0.000706
netParams.connParams.PYR->PYR_AMPA.weight     0.000019
netParams.connParams.OLM->PYR_GABA.weight     0.043200
PYR                                           3.590000
BC                                           17.700000
OLM                                           3.270000
dtype: float64",3.59,17.7,3.27,1.3675,36.08482003211975,False,1,6eae2929,2023-07-29_12-04-08,1690646648,36.08482003211975,374609,node08,10.0.0.8,36.08482003211975,1,0.005625,0.0007056,0.043199999999999995,0.0002232,0.0002988,1.8800000000000003e-05,"/ddn/jchen/ray_results/objective_2023-07-29_11-52-02/objective_6eae2929_21_netParams_connParams_BC-_BC_GABA_weight=0.0056,netParams_connParams_BC-_PYR_GABA_weight=0.0007,netParams_con_2023-07-29_12-03-32"
21,"netParams.connParams.PYR->BC_AMPA.weight      0.000367
netParams.connParams.BC->BC_GABA.weight       0.003780
netParams.connParams.PYR->OLM_AMPA.weight     0.000234
netParams.connParams.BC->PYR_GABA.weight      0.000526
netParams.connParams.PYR->PYR_AMPA.weight     0.000024
netParams.connParams.OLM->PYR_GABA.weight     0.054720
PYR                                           3.590000
BC                                           22.000000
OLM                                           3.730000
dtype: float64",3.59,22.0,3.73,1.806700000000001,33.069703578948975,False,1,1e8e08aa,2023-07-29_12-04-42,1690646682,33.069703578948975,374609,node08,10.0.0.8,33.069703578948975,1,0.0037799999999999995,0.0005256,0.05471999999999999,0.00036720000000000004,0.00023400000000000002,2.3800000000000003e-05,"/ddn/jchen/ray_results/objective_2023-07-29_11-52-02/objective_1e8e08aa_22_netParams_connParams_BC-_BC_GABA_weight=0.0038,netParams_connParams_BC-_PYR_GABA_weight=0.0005,netParams_con_2023-07-29_12-04-09"
22,"netParams.connParams.PYR->BC_AMPA.weight      0.000288
netParams.connParams.BC->BC_GABA.weight       0.004230
netParams.connParams.PYR->OLM_AMPA.weight     0.000259
netParams.connParams.BC->PYR_GABA.weight      0.000605
netParams.connParams.PYR->PYR_AMPA.weight     0.000027
netParams.connParams.OLM->PYR_GABA.weight     0.073440
PYR                                           3.720000
BC                                           23.400000
OLM                                           4.790000
dtype: float64",3.72,23.4,4.79,5.192266666666665,33.62117910385132,False,1,2c817b01,2023-07-29_12-05-15,1690646715,33.62117910385132,374609,node08,10.0.0.8,33.62117910385132,1,0.004229999999999999,0.0006048000000000001,0.07343999999999999,0.000288,0.0002592,2.7e-05,"/ddn/jchen/ray_results/objective_2023-07-29_11-52-02/objective_2c817b01_23_netParams_connParams_BC-_BC_GABA_weight=0.0042,netParams_connParams_BC-_PYR_GABA_weight=0.0006,netParams_con_2023-07-29_12-04-42"
23,"netParams.connParams.PYR->BC_AMPA.weight      0.000184
netParams.connParams.BC->BC_GABA.weight       0.003465
netParams.connParams.PYR->OLM_AMPA.weight     0.000205
netParams.connParams.BC->PYR_GABA.weight      0.000655
netParams.connParams.PYR->PYR_AMPA.weight     0.000022
netParams.connParams.OLM->PYR_GABA.weight     0.064080
PYR                                           3.620000
BC                                           22.900000
OLM                                           3.120000
dtype: float64",3.62,22.9,3.12,3.4802999999999984,34.316832542419434,False,1,1c5bf2b2,2023-07-29_12-05-50,1690646750,34.316832542419434,374609,node08,10.0.0.8,34.316832542419434,1,0.0034649999999999998,0.0006552000000000001,0.06408,0.00018360000000000002,0.0002052,2.2200000000000004e-05,"/ddn/jchen/ray_results/objective_2023-07-29_11-52-02/objective_1c5bf2b2_24_netParams_connParams_BC-_BC_GABA_weight=0.0035,netParams_connParams_BC-_PYR_GABA_weight=0.0007,netParams_con_2023-07-29_12-05-15"
24,"netParams.connParams.PYR->BC_AMPA.weight      0.000216
netParams.connParams.BC->BC_GABA.weight       0.004005
netParams.connParams.PYR->OLM_AMPA.weight     0.000331
netParams.connParams.BC->PYR_GABA.weight      0.000763
netParams.connParams.PYR->PYR_AMPA.weight     0.000015
netParams.connParams.OLM->PYR_GABA.weight     0.045360
PYR                                           3.380000
BC                                           21.100000
OLM                                           3.120000
dtype: float64",3.38,21.1,3.12,0.694700000000002,32.12677812576294,False,1,3206f634,2023-07-29_12-06-22,1690646782,32.12677812576294,374609,node08,10.0.0.8,32.12677812576294,1,0.004005,0.0007632000000000001,0.04536,0.00021600000000000002,0.00033120000000000003,1.48e-05,"/ddn/jchen/ray_results/objective_2023-07-29_11-52-02/objective_3206f634_25_netParams_connParams_BC-_BC_GABA_weight=0.0040,netParams_connParams_BC-_PYR_GABA_weight=0.0008,netParams_con_2023-07-29_12-05-50"
25,"netParams.connParams.PYR->BC_AMPA.weight      0.000324
netParams.connParams.BC->BC_GABA.weight       0.004635
netParams.connParams.PYR->OLM_AMPA.weight     0.000209
netParams.connParams.BC->PYR_GABA.weight      0.000547
netParams.connParams.PYR->PYR_AMPA.weight     0.000010
netParams.connParams.OLM->PYR_GABA.weight     0.052560
PYR                                           3.730000
BC                                           21.800000
OLM                                           3.150000
dtype: float64",3.73,21.8,3.15,1.5548333333333355,33.62068152427673,False,1,72253b75,2023-07-29_12-06-56,1690646816,33.62068152427673,374609,node08,10.0.0.8,33.62068152427673,1,0.004635,0.0005472000000000001,0.052559999999999996,0.000324,0.0002088,1e-05,"/ddn/jchen/ray_results/objective_2023-07-29_11-52-02/objective_72253b75_26_netParams_connParams_BC-_BC_GABA_weight=0.0046,netParams_connParams_BC-_PYR_GABA_weight=0.0005,netParams_con_2023-07-29_12-06-22"
26,"netParams.connParams.PYR->BC_AMPA.weight      0.000256
netParams.connParams.BC->BC_GABA.weight       0.003240
netParams.connParams.PYR->OLM_AMPA.weight     0.000270
netParams.connParams.BC->PYR_GABA.weight      0.000475
netParams.connParams.PYR->PYR_AMPA.weight     0.000019
netParams.connParams.OLM->PYR_GABA.weight     0.037440
PYR                                           3.890000
BC                                           24.200000
OLM                                           4.260000
dtype: float64",3.89,24.2,4.26,7.058866666666667,33.643590450286865,False,1,8e609b23,2023-07-29_12-07-29,1690646849,33.643590450286865,374609,node08,10.0.0.8,33.643590450286865,1,0.00324,0.00047520000000000006,0.037439999999999994,0.00025560000000000003,0.00027,1.9400000000000004e-05,"/ddn/jchen/ray_results/objective_2023-07-29_11-52-02/objective_8e609b23_27_netParams_connParams_BC-_BC_GABA_weight=0.0032,netParams_connParams_BC-_PYR_GABA_weight=0.0005,netParams_con_2023-07-29_12-06-56"
27,"netParams.connParams.PYR->BC_AMPA.weight      0.000400
netParams.connParams.BC->BC_GABA.weight       0.004725
netParams.connParams.PYR->OLM_AMPA.weight     0.000248
netParams.connParams.BC->PYR_GABA.weight      0.000842
netParams.connParams.PYR->PYR_AMPA.weight     0.000027
netParams.connParams.OLM->PYR_GABA.weight     0.067680
PYR                                           3.490000
BC                                           20.100000
OLM                                           3.380000
dtype: float64",3.49,20.1,3.38,0.0635333333333339,34.88140916824341,False,1,672db846,2023-07-29_12-08-04,1690646884,34.88140916824341,374609,node08,10.0.0.8,34.88140916824341,1,0.004725,0.0008424000000000001,0.06767999999999999,0.00039960000000000006,0.0002484,2.7400000000000002e-05,"/ddn/jchen/ray_results/objective_2023-07-29_11-52-02/objective_672db846_28_netParams_connParams_BC-_BC_GABA_weight=0.0047,netParams_connParams_BC-_PYR_GABA_weight=0.0008,netParams_con_2023-07-29_12-07-29"
28,"netParams.connParams.PYR->BC_AMPA.weight      0.000396
netParams.connParams.BC->BC_GABA.weight       0.004770
netParams.connParams.PYR->OLM_AMPA.weight     0.000180
netParams.connParams.BC->PYR_GABA.weight      0.000857
netParams.connParams.PYR->PYR_AMPA.weight     0.000028
netParams.connParams.OLM->PYR_GABA.weight     0.059760
PYR                                           3.610000
BC                                           20.600000
OLM                                           3.350000
dtype: float64",3.61,20.6,3.35,0.2991000000000013,35.25553226470947,False,1,5b9b5f1b,2023-07-29_12-08-40,1690646920,35.25553226470947,374609,node08,10.0.0.8,35.25553226470947,1,0.00477,0.0008568,0.059759999999999994,0.00039600000000000003,0.00018,2.7800000000000005e-05,"/ddn/jchen/ray_results/objective_2023-07-29_11-52-02/objective_5b9b5f1b_29_netParams_connParams_BC-_BC_GABA_weight=0.0048,netParams_connParams_BC-_PYR_GABA_weight=0.0009,netParams_con_2023-07-29_12-08-04"
29,"netParams.connParams.PYR->BC_AMPA.weight      0.000457
netParams.connParams.BC->BC_GABA.weight       0.005040
netParams.connParams.PYR->OLM_AMPA.weight     0.000324
netParams.connParams.BC->PYR_GABA.weight      0.000979
netParams.connParams.PYR->PYR_AMPA.weight     0.000027
netParams.connParams.OLM->PYR_GABA.weight     0.069840
PYR                                           3.360000
BC                                           18.600000
OLM                                           3.320000
dtype: float64",3.36,18.6,3.32,0.4109666666666651,34.89743375778198,False,1,604ae07c,2023-07-29_12-09-15,1690646955,34.89743375778198,374609,node08,10.0.0.8,34.89743375778198,1,0.005039999999999999,0.0009792000000000002,0.06983999999999999,0.00045720000000000005,0.000324,2.6600000000000003e-05,"/ddn/jchen/ray_results/objective_2023-07-29_11-52-02/objective_604ae07c_30_netParams_connParams_BC-_BC_GABA_weight=0.0050,netParams_connParams_BC-_PYR_GABA_weight=0.0010,netParams_con_2023-07-29_12-08-40"
30,"netParams.connParams.PYR->BC_AMPA.weight      0.000342
netParams.connParams.BC->BC_GABA.weight       0.004455
netParams.connParams.PYR->OLM_AMPA.weight     0.000288
netParams.connParams.BC->PYR_GABA.weight      0.000864
netParams.connParams.PYR->PYR_AMPA.weight     0.000030
netParams.connParams.OLM->PYR_GABA.weight     0.079200
PYR                                           3.390000
BC                                           19.400000
OLM                                           3.770000
dtype: float64",3.39,19.4,3.77,0.0608333333333334,32.3406777381897,False,1,dfaec6e2,2023-07-29_12-09-47,1690646987,32.3406777381897,374609,node08,10.0.0.8,32.3406777381897,1,0.004455,0.000864,0.07919999999999999,0.000342,0.000288,2.96e-05,"/ddn/jchen/ray_results/objective_2023-07-29_11-52-02/objective_dfaec6e2_31_netParams_connParams_BC-_BC_GABA_weight=0.0045,netParams_connParams_BC-_PYR_GABA_weight=0.0009,netParams_con_2023-07-29_12-09-15"
31,"netParams.connParams.PYR->BC_AMPA.weight      0.000346
netParams.connParams.BC->BC_GABA.weight       0.005130
netParams.connParams.PYR->OLM_AMPA.weight     0.000284
netParams.connParams.BC->PYR_GABA.weight      0.000871
netParams.connParams.PYR->PYR_AMPA.weight     0.000030
netParams.connParams.OLM->PYR_GABA.weight     0.077760
PYR                                           3.370000
BC                                           18.600000
OLM                                           3.100000
dtype: float64",3.37,18.6,3.1,0.4492666666666651,33.00249528884888,False,1,eeecd2ef,2023-07-29_12-10-20,1690647020,33.00249528884888,374609,node08,10.0.0.8,33.00249528884888,1,0.005129999999999999,0.0008712000000000001,0.07776,0.00034560000000000005,0.00028440000000000003,2.98e-05,"/ddn/jchen/ray_results/objective_2023-07-29_11-52-02/objective_eeecd2ef_32_netParams_connParams_BC-_BC_GABA_weight=0.0051,netParams_connParams_BC-_PYR_GABA_weight=0.0009,netParams_con_2023-07-29_12-09-47"
32,"netParams.connParams.PYR->BC_AMPA.weight      0.000403
netParams.connParams.BC->BC_GABA.weight       0.004500
netParams.connParams.PYR->OLM_AMPA.weight     0.000256
netParams.connParams.BC->PYR_GABA.weight      0.000979
netParams.connParams.PYR->PYR_AMPA.weight     0.000028
netParams.connParams.OLM->PYR_GABA.weight     0.083520
PYR                                           3.250000
BC                                           17.600000
OLM                                           2.650000
dtype: float64",3.25,17.6,2.65,1.6968333333333303,33.52405858039856,False,1,e77b0f3b,2023-07-29_12-10-54,1690647054,33.52405858039856,374609,node08,10.0.0.8,33.52405858039856,1,0.0045,0.0009792000000000002,0.08351999999999998,0.00040320000000000004,0.00025560000000000003,2.84e-05,"/ddn/jchen/ray_results/objective_2023-07-29_11-52-02/objective_e77b0f3b_33_netParams_connParams_BC-_BC_GABA_weight=0.0045,netParams_connParams_BC-_PYR_GABA_weight=0.0010,netParams_con_2023-07-29_12-10-20"
33,"netParams.connParams.PYR->BC_AMPA.weight      0.000227
netParams.connParams.BC->BC_GABA.weight       0.004410
netParams.connParams.PYR->OLM_AMPA.weight     0.000295
netParams.connParams.BC->PYR_GABA.weight      0.000799
netParams.connParams.PYR->PYR_AMPA.weight     0.000027
netParams.connParams.OLM->PYR_GABA.weight     0.090000
PYR                                           3.550000
BC                                           20.700000
OLM                                           4.310000
dtype: float64",3.55,20.7,4.31,0.5832333333333329,34.767797231674194,False,1,b20a7573,2023-07-29_12-11-29,1690647089,34.767797231674194,374609,node08,10.0.0.8,34.767797231674194,1,0.004409999999999999,0.0007992000000000001,0.09,0.0002268,0.0002952,2.6600000000000003e-05,"/ddn/jchen/ray_results/objective_2023-07-29_11-52-02/objective_b20a7573_34_netParams_connParams_BC-_BC_GABA_weight=0.0044,netParams_connParams_BC-_PYR_GABA_weight=0.0008,netParams_con_2023-07-29_12-10-54"
34,"netParams.connParams.PYR->BC_AMPA.weight      0.000205
netParams.connParams.BC->BC_GABA.weight       0.005490
netParams.connParams.PYR->OLM_AMPA.weight     0.000356
netParams.connParams.BC->PYR_GABA.weight      0.000878
netParams.connParams.PYR->PYR_AMPA.weight     0.000023
netParams.connParams.OLM->PYR_GABA.weight     0.077760
PYR                                           3.640000
BC                                           20.500000
OLM                                           3.980000
dtype: float64",3.64,20.5,3.98,0.3300333333333337,33.058451890945435,False,1,b3ec64f9,2023-07-29_12-12-02,1690647122,33.058451890945435,374609,node08,10.0.0.8,33.058451890945435,1,0.00549,0.0008784000000000001,0.07776,0.0002052,0.0003564,2.32e-05,"/ddn/jchen/ray_results/objective_2023-07-29_11-52-02/objective_b3ec64f9_35_netParams_connParams_BC-_BC_GABA_weight=0.0055,netParams_connParams_BC-_PYR_GABA_weight=0.0009,netParams_con_2023-07-29_12-11-29"
35,"netParams.connParams.PYR->BC_AMPA.weight      0.000479
netParams.connParams.BC->BC_GABA.weight       0.004050
netParams.connParams.PYR->OLM_AMPA.weight     0.000378
netParams.connParams.BC->PYR_GABA.weight      0.000763
netParams.connParams.PYR->PYR_AMPA.weight     0.000026
netParams.connParams.OLM->PYR_GABA.weight     0.050400
PYR                                           3.340000
BC                                           20.500000
OLM                                           3.040000
dtype: float64",3.34,20.5,3.04,0.2749666666666671,33.052133083343506,False,1,3f1982e3,2023-07-29_12-12-35,1690647155,33.052133083343506,374609,node08,10.0.0.8,33.052133083343506,1,0.00405,0.0007632000000000001,0.0504,0.00047880000000000004,0.000378,2.56e-05,"/ddn/jchen/ray_results/objective_2023-07-29_11-52-02/objective_3f1982e3_36_netParams_connParams_BC-_BC_GABA_weight=0.0040,netParams_connParams_BC-_PYR_GABA_weight=0.0008,netParams_con_2023-07-29_12-12-02"
36,"netParams.connParams.PYR->BC_AMPA.weight      0.000277
netParams.connParams.BC->BC_GABA.weight       0.005895
netParams.connParams.PYR->OLM_AMPA.weight     0.000338
netParams.connParams.BC->PYR_GABA.weight      0.000972
netParams.connParams.PYR->PYR_AMPA.weight     0.000028
netParams.connParams.OLM->PYR_GABA.weight     0.056160
PYR                                           3.790000
BC                                           19.200000
OLM                                           4.540000
dtype: float64",3.79,19.2,4.54,0.5324666666666665,33.3889045715332,False,1,3df018e7,2023-07-29_12-13-09,1690647189,33.3889045715332,374609,node08,10.0.0.8,33.3889045715332,1,0.005894999999999999,0.000972,0.056159999999999995,0.0002772,0.0003384,2.76e-05,"/ddn/jchen/ray_results/objective_2023-07-29_11-52-02/objective_3df018e7_37_netParams_connParams_BC-_BC_GABA_weight=0.0059,netParams_connParams_BC-_PYR_GABA_weight=0.0010,netParams_con_2023-07-29_12-12-35"
37,"netParams.connParams.PYR->BC_AMPA.weight      0.000306
netParams.connParams.BC->BC_GABA.weight       0.004860
netParams.connParams.PYR->OLM_AMPA.weight     0.000270
netParams.connParams.BC->PYR_GABA.weight      0.000835
netParams.connParams.PYR->PYR_AMPA.weight     0.000030
netParams.connParams.OLM->PYR_GABA.weight     0.041040
PYR                                           3.660000
BC                                           21.600000
OLM                                           3.920000
dtype: float64",3.66,21.6,3.92,1.3049666666666695,34.14842772483826,False,1,5e6577b8,2023-07-29_12-13-43,1690647223,34.14842772483826,374609,node08,10.0.0.8,34.14842772483826,1,0.00486,0.0008352000000000001,0.04103999999999999,0.000306,0.00027,2.98e-05,"/ddn/jchen/ray_results/objective_2023-07-29_11-52-02/objective_5e6577b8_38_netParams_connParams_BC-_BC_GABA_weight=0.0049,netParams_connParams_BC-_PYR_GABA_weight=0.0008,netParams_con_2023-07-29_12-13-09"
38,"netParams.connParams.PYR->BC_AMPA.weight      0.000378
netParams.connParams.BC->BC_GABA.weight       0.004230
netParams.connParams.PYR->OLM_AMPA.weight     0.000216
netParams.connParams.BC->PYR_GABA.weight      0.000662
netParams.connParams.PYR->PYR_AMPA.weight     0.000021
netParams.connParams.OLM->PYR_GABA.weight     0.082800
PYR                                           3.410000
BC                                           19.600000
OLM                                           2.930000
dtype: float64",3.41,19.6,2.93,0.1021666666666665,33.073243379592896,False,1,09e29893,2023-07-29_12-14-16,1690647256,33.073243379592896,374609,node08,10.0.0.8,33.073243379592896,1,0.004229999999999999,0.0006624000000000001,0.08279999999999998,0.000378,0.00021600000000000002,2.12e-05,"/ddn/jchen/ray_results/objective_2023-07-29_11-52-02/objective_09e29893_39_netParams_connParams_BC-_BC_GABA_weight=0.0042,netParams_connParams_BC-_PYR_GABA_weight=0.0007,netParams_con_2023-07-29_12-13-43"
39,"netParams.connParams.PYR->BC_AMPA.weight      0.000331
netParams.connParams.BC->BC_GABA.weight       0.005265
netParams.connParams.PYR->OLM_AMPA.weight     0.000418
netParams.connParams.BC->PYR_GABA.weight      0.001022
netParams.connParams.PYR->PYR_AMPA.weight     0.000016
netParams.connParams.OLM->PYR_GABA.weight     0.071280
PYR                                           3.110000
BC                                           17.000000
OLM                                           3.570000
dtype: float64",3.11,17.0,3.57,2.4509666666666656,32.93604803085327,False,1,b1505e94,2023-07-29_12-14-49,1690647289,32.93604803085327,374609,node08,10.0.0.8,32.93604803085327,1,0.005265,0.0010224000000000001,0.07128,0.00033120000000000003,0.00041760000000000007,1.56e-05,"/ddn/jchen/ray_results/objective_2023-07-29_11-52-02/objective_b1505e94_40_netParams_connParams_BC-_BC_GABA_weight=0.0053,netParams_connParams_BC-_PYR_GABA_weight=0.0010,netParams_con_2023-07-29_12-14-16"
40,"netParams.connParams.PYR->BC_AMPA.weight      0.000263
netParams.connParams.BC->BC_GABA.weight       0.004905
netParams.connParams.PYR->OLM_AMPA.weight     0.000292
netParams.connParams.BC->PYR_GABA.weight      0.000763
netParams.connParams.PYR->PYR_AMPA.weight     0.000026
netParams.connParams.OLM->PYR_GABA.weight     0.061200
PYR                                           3.450000
BC                                           18.600000
OLM                                           3.270000
dtype: float64",3.45,18.6,3.27,0.4206999999999984,33.92698407173157,False,1,1ca3aad4,2023-07-29_12-15-23,1690647323,33.92698407173157,374609,node08,10.0.0.8,33.92698407173157,1,0.004905,0.0007632000000000001,0.06119999999999999,0.0002628,0.00029160000000000004,2.6000000000000002e-05,"/ddn/jchen/ray_results/objective_2023-07-29_11-52-02/objective_1ca3aad4_41_netParams_connParams_BC-_BC_GABA_weight=0.0049,netParams_connParams_BC-_PYR_GABA_weight=0.0008,netParams_con_2023-07-29_12-14-49"
41,"netParams.connParams.PYR->BC_AMPA.weight      0.000374
netParams.connParams.BC->BC_GABA.weight       0.004185
netParams.connParams.PYR->OLM_AMPA.weight     0.000220
netParams.connParams.BC->PYR_GABA.weight      0.000677
netParams.connParams.PYR->PYR_AMPA.weight     0.000021
netParams.connParams.OLM->PYR_GABA.weight     0.082080
PYR                                           3.480000
BC                                           20.300000
OLM                                           2.960000
dtype: float64",3.48,20.3,2.96,0.2132333333333339,34.016151905059814,False,1,354d6c76,2023-07-29_12-15-57,1690647357,34.016151905059814,374609,node08,10.0.0.8,34.016151905059814,1,0.0041849999999999995,0.0006768,0.08207999999999999,0.0003744,0.00021960000000000003,2.12e-05,"/ddn/jchen/ray_results/objective_2023-07-29_11-52-02/objective_354d6c76_42_netParams_connParams_BC-_BC_GABA_weight=0.0042,netParams_connParams_BC-_PYR_GABA_weight=0.0007,netParams_con_2023-07-29_12-15-23"
42,"netParams.connParams.PYR->BC_AMPA.weight      0.000374
netParams.connParams.BC->BC_GABA.weight       0.004545
netParams.connParams.PYR->OLM_AMPA.weight     0.000248
netParams.connParams.BC->PYR_GABA.weight      0.000648
netParams.connParams.PYR->PYR_AMPA.weight     0.000018
netParams.connParams.OLM->PYR_GABA.weight     0.095760
PYR                                           3.310000
BC                                           19.100000
OLM                                           3.560000
dtype: float64",3.31,19.1,3.56,0.1229999999999991,32.81306552886963,False,1,5671c13a,2023-07-29_12-16-30,1690647390,32.81306552886963,374609,node08,10.0.0.8,32.81306552886963,1,0.0045449999999999996,0.000648,0.09575999999999998,0.0003744,0.0002484,1.84e-05,"/ddn/jchen/ray_results/objective_2023-07-29_11-52-02/objective_5671c13a_43_netParams_connParams_BC-_BC_GABA_weight=0.0045,netParams_connParams_BC-_PYR_GABA_weight=0.0006,netParams_con_2023-07-29_12-15-57"
43,"netParams.connParams.PYR->BC_AMPA.weight      0.000356
netParams.connParams.BC->BC_GABA.weight       0.004275
netParams.connParams.PYR->OLM_AMPA.weight     0.000274
netParams.connParams.BC->PYR_GABA.weight      0.000814
netParams.connParams.PYR->PYR_AMPA.weight     0.000025
netParams.connParams.OLM->PYR_GABA.weight     0.087840
PYR                                           3.310000
BC                                           19.600000
OLM                                           3.070000
dtype: float64",3.31,19.6,3.07,0.0569666666666666,33.60429763793945,False,1,ed9f24e6,2023-07-29_12-17-04,1690647424,33.60429763793945,374609,node08,10.0.0.8,33.60429763793945,1,0.004274999999999999,0.0008136,0.08784,0.0003564,0.00027360000000000004,2.46e-05,"/ddn/jchen/ray_results/objective_2023-07-29_11-52-02/objective_ed9f24e6_44_netParams_connParams_BC-_BC_GABA_weight=0.0043,netParams_connParams_BC-_PYR_GABA_weight=0.0008,netParams_con_2023-07-29_12-16-30"
44,"netParams.connParams.PYR->BC_AMPA.weight      0.000353
netParams.connParams.BC->BC_GABA.weight       0.003915
netParams.connParams.PYR->OLM_AMPA.weight     0.000313
netParams.connParams.BC->PYR_GABA.weight      0.000900
netParams.connParams.PYR->PYR_AMPA.weight     0.000025
netParams.connParams.OLM->PYR_GABA.weight     0.087120
PYR                                           3.170000
BC                                           20.100000
OLM                                           3.200000
dtype: float64",3.17,20.1,3.2,0.0872666666666672,36.22508597373962,False,1,01d55743,2023-07-29_12-17-40,1690647460,36.22508597373962,374609,node08,10.0.0.8,36.22508597373962,1,0.003915,0.0009,0.08712,0.0003528,0.0003132,2.46e-05,"/ddn/jchen/ray_results/objective_2023-07-29_11-52-02/objective_01d55743_45_netParams_connParams_BC-_BC_GABA_weight=0.0039,netParams_connParams_BC-_PYR_GABA_weight=0.0009,netParams_con_2023-07-29_12-17-04"
45,"netParams.connParams.PYR->BC_AMPA.weight      0.000349
netParams.connParams.BC->BC_GABA.weight       0.004365
netParams.connParams.PYR->OLM_AMPA.weight     0.000274
netParams.connParams.BC->PYR_GABA.weight      0.000907
netParams.connParams.PYR->PYR_AMPA.weight     0.000025
netParams.connParams.OLM->PYR_GABA.weight     0.088560
PYR                                           3.200000
BC                                           17.400000
OLM                                           2.730000
dtype: float64",3.2,17.4,2.73,1.952400000000001,32.54005742073059,False,1,aca2a1af,2023-07-29_12-18-13,1690647493,32.54005742073059,374609,node08,10.0.0.8,32.54005742073059,1,0.004364999999999999,0.0009072000000000002,0.08856,0.00034920000000000003,0.00027360000000000004,2.46e-05,"/ddn/jchen/ray_results/objective_2023-07-29_11-52-02/objective_aca2a1af_46_netParams_connParams_BC-_BC_GABA_weight=0.0044,netParams_connParams_BC-_PYR_GABA_weight=0.0009,netParams_con_2023-07-29_12-17-40"
46,"netParams.connParams.PYR->BC_AMPA.weight      0.000414
netParams.connParams.BC->BC_GABA.weight       0.003645
netParams.connParams.PYR->OLM_AMPA.weight     0.000346
netParams.connParams.BC->PYR_GABA.weight      0.000943
netParams.connParams.PYR->PYR_AMPA.weight     0.000023
netParams.connParams.OLM->PYR_GABA.weight     0.094320
PYR                                           2.940000
BC                                           16.800000
OLM                                           2.460000
dtype: float64",2.94,16.8,2.46,3.1966999999999977,33.099135398864746,False,1,ca15c371,2023-07-29_12-18-46,1690647526,33.099135398864746,374609,node08,10.0.0.8,33.099135398864746,1,0.003645,0.0009432000000000002,0.09431999999999999,0.00041400000000000003,0.00034560000000000005,2.32e-05,"/ddn/jchen/ray_results/objective_2023-07-29_11-52-02/objective_ca15c371_47_netParams_connParams_BC-_BC_GABA_weight=0.0036,netParams_connParams_BC-_PYR_GABA_weight=0.0009,netParams_con_2023-07-29_12-18-13"
47,"netParams.connParams.PYR->BC_AMPA.weight      0.000356
netParams.connParams.BC->BC_GABA.weight       0.003285
netParams.connParams.PYR->OLM_AMPA.weight     0.000320
netParams.connParams.BC->PYR_GABA.weight      0.000835
netParams.connParams.PYR->PYR_AMPA.weight     0.000029
netParams.connParams.OLM->PYR_GABA.weight     0.097920
PYR                                           3.050000
BC                                           17.900000
OLM                                           2.310000
dtype: float64",3.05,17.9,2.31,1.5565666666666675,33.11731934547424,False,1,ec54a3e8,2023-07-29_12-19-19,1690647559,33.11731934547424,374609,node08,10.0.0.8,33.11731934547424,1,0.0032849999999999997,0.0008352000000000001,0.09792,0.0003564,0.0003204,2.8600000000000004e-05,"/ddn/jchen/ray_results/objective_2023-07-29_11-52-02/objective_ec54a3e8_48_netParams_connParams_BC-_BC_GABA_weight=0.0033,netParams_connParams_BC-_PYR_GABA_weight=0.0008,netParams_con_2023-07-29_12-18-46"
48,"netParams.connParams.PYR->BC_AMPA.weight      0.000389
netParams.connParams.BC->BC_GABA.weight       0.004635
netParams.connParams.PYR->OLM_AMPA.weight     0.000194
netParams.connParams.BC->PYR_GABA.weight      0.000799
netParams.connParams.PYR->PYR_AMPA.weight     0.000025
netParams.connParams.OLM->PYR_GABA.weight     0.101520
PYR                                           3.300000
BC                                           18.900000
OLM                                           2.810000
dtype: float64",3.3,18.9,2.81,0.3590666666666671,32.74311947822571,False,1,f9da6123,2023-07-29_12-19-52,1690647592,32.74311947822571,374609,node08,10.0.0.8,32.74311947822571,1,0.004635,0.0007992000000000001,0.10152,0.0003888,0.0001944,2.5000000000000005e-05,"/ddn/jchen/ray_results/objective_2023-07-29_11-52-02/objective_f9da6123_49_netParams_connParams_BC-_BC_GABA_weight=0.0046,netParams_connParams_BC-_PYR_GABA_weight=0.0008,netParams_con_2023-07-29_12-19-19"
49,"netParams.connParams.PYR->BC_AMPA.weight      0.000313
netParams.connParams.BC->BC_GABA.weight       0.006660
netParams.connParams.PYR->OLM_AMPA.weight     0.000371
netParams.connParams.BC->PYR_GABA.weight      0.000886
netParams.connParams.PYR->PYR_AMPA.weight     0.000027
netParams.connParams.OLM->PYR_GABA.weight     0.090720
PYR                                           3.460000
BC                                           17.900000
OLM                                           4.290000
dtype: float64",3.46,17.9,4.29,1.3089333333333342,32.00943994522095,False,1,3e78559b,2023-07-29_12-20-24,1690647624,32.00943994522095,374609,node08,10.0.0.8,32.00943994522095,1,0.006659999999999999,0.0008856000000000001,0.09072,0.0003132,0.0003708,2.7400000000000002e-05,"/ddn/jchen/ray_results/objective_2023-07-29_11-52-02/objective_3e78559b_50_netParams_connParams_BC-_BC_GABA_weight=0.0067,netParams_connParams_BC-_PYR_GABA_weight=0.0009,netParams_con_2023-07-29_12-19-52"
50,"netParams.connParams.PYR->BC_AMPA.weight      0.000446
netParams.connParams.BC->BC_GABA.weight       0.004770
netParams.connParams.PYR->OLM_AMPA.weight     0.000511
netParams.connParams.BC->PYR_GABA.weight      0.001022
netParams.connParams.PYR->PYR_AMPA.weight     0.000026
netParams.connParams.OLM->PYR_GABA.weight     0.085680
PYR                                           2.910000
BC                                           15.900000
OLM                                           2.940000
dtype: float64",2.91,15.9,2.94,4.968599999999998,33.72412085533142,False,1,0eb85afe,2023-07-29_12-20-58,1690647658,33.72412085533142,374609,node08,10.0.0.8,33.72412085533142,1,0.00477,0.0010224000000000001,0.08567999999999999,0.0004464,0.0005112000000000001,2.62e-05,"/ddn/jchen/ray_results/objective_2023-07-29_11-52-02/objective_0eb85afe_51_netParams_connParams_BC-_BC_GABA_weight=0.0048,netParams_connParams_BC-_PYR_GABA_weight=0.0010,netParams_con_2023-07-29_12-20-24"
51,"netParams.connParams.PYR->BC_AMPA.weight      0.000238
netParams.connParams.BC->BC_GABA.weight       0.004005
netParams.connParams.PYR->OLM_AMPA.weight     0.000310
netParams.connParams.BC->PYR_GABA.weight      0.000727
netParams.connParams.PYR->PYR_AMPA.weight     0.000020
netParams.connParams.OLM->PYR_GABA.weight     0.080640
PYR                                           3.400000
BC                                           19.700000
OLM                                           3.420000
dtype: float64",3.4,19.7,3.42,0.0020333333333333,35.57814168930054,False,1,3ee89be8,2023-07-29_12-21-34,1690647694,35.57814168930054,374609,node08,10.0.0.8,35.57814168930054,1,0.004005,0.0007272000000000001,0.08063999999999999,0.00023760000000000003,0.00030960000000000004,2.0200000000000003e-05,"/ddn/jchen/ray_results/objective_2023-07-29_11-52-02/objective_3ee89be8_52_netParams_connParams_BC-_BC_GABA_weight=0.0040,netParams_connParams_BC-_PYR_GABA_weight=0.0007,netParams_con_2023-07-29_12-20-58"
52,"netParams.connParams.PYR->BC_AMPA.weight      0.000184
netParams.connParams.BC->BC_GABA.weight       0.003960
netParams.connParams.PYR->OLM_AMPA.weight     0.000277
netParams.connParams.BC->PYR_GABA.weight      0.000734
netParams.connParams.PYR->PYR_AMPA.weight     0.000022
netParams.connParams.OLM->PYR_GABA.weight     0.079920
PYR                                           3.250000
BC                                           18.900000
OLM                                           2.900000
dtype: float64",3.25,18.9,2.9,0.3243333333333338,34.02313542366028,False,1,fcdf3375,2023-07-29_12-22-08,1690647728,34.02313542366028,374609,node08,10.0.0.8,34.02313542366028,1,0.00396,0.0007344000000000001,0.07991999999999999,0.00018360000000000002,0.0002772,2.2400000000000002e-05,"/ddn/jchen/ray_results/objective_2023-07-29_11-52-02/objective_fcdf3375_53_netParams_connParams_BC-_BC_GABA_weight=0.0040,netParams_connParams_BC-_PYR_GABA_weight=0.0007,netParams_con_2023-07-29_12-21-34"
53,"netParams.connParams.PYR->BC_AMPA.weight      0.000421
netParams.connParams.BC->BC_GABA.weight       0.004275
netParams.connParams.PYR->OLM_AMPA.weight     0.000302
netParams.connParams.BC->PYR_GABA.weight      0.000821
netParams.connParams.PYR->PYR_AMPA.weight     0.000020
netParams.connParams.OLM->PYR_GABA.weight     0.075600
PYR                                           3.240000
BC                                           20.300000
OLM                                           2.900000
dtype: float64",3.24,20.3,2.9,0.231633333333334,32.31824016571045,False,1,5ced51a4,2023-07-29_12-22-40,1690647760,32.31824016571045,374609,node08,10.0.0.8,32.31824016571045,1,0.004274999999999999,0.0008208,0.0756,0.00042120000000000005,0.00030240000000000003,2.0200000000000003e-05,"/ddn/jchen/ray_results/objective_2023-07-29_11-52-02/objective_5ced51a4_54_netParams_connParams_BC-_BC_GABA_weight=0.0043,netParams_connParams_BC-_PYR_GABA_weight=0.0008,netParams_con_2023-07-29_12-22-08"
54,"netParams.connParams.PYR->BC_AMPA.weight      0.000292
netParams.connParams.BC->BC_GABA.weight       0.004995
netParams.connParams.PYR->OLM_AMPA.weight     0.000259
netParams.connParams.BC->PYR_GABA.weight      0.000734
netParams.connParams.PYR->PYR_AMPA.weight     0.000024
netParams.connParams.OLM->PYR_GABA.weight     0.086400
PYR                                           3.430000
BC                                           18.400000
OLM                                           3.020000
dtype: float64",3.43,18.4,3.02,0.6335333333333341,34.63863229751587,False,1,d56ec7ea,2023-07-29_12-23-15,1690647795,34.63863229751587,374609,node08,10.0.0.8,34.63863229751587,1,0.0049949999999999994,0.0007344000000000001,0.08639999999999999,0.00029160000000000004,0.0002592,2.3600000000000004e-05,"/ddn/jchen/ray_results/objective_2023-07-29_11-52-02/objective_d56ec7ea_55_netParams_connParams_BC-_BC_GABA_weight=0.0050,netParams_connParams_BC-_PYR_GABA_weight=0.0007,netParams_con_2023-07-29_12-22-40"
55,"netParams.connParams.PYR->BC_AMPA.weight      0.000205
netParams.connParams.BC->BC_GABA.weight       0.003465
netParams.connParams.PYR->OLM_AMPA.weight     0.000230
netParams.connParams.BC->PYR_GABA.weight      0.000950
netParams.connParams.PYR->PYR_AMPA.weight     0.000024
netParams.connParams.OLM->PYR_GABA.weight     0.074160
PYR                                           3.210000
BC                                           20.900000
OLM                                           2.760000
dtype: float64",3.21,20.9,2.76,0.6536666666666663,32.62123203277588,False,1,da661d1d,2023-07-29_12-23-48,1690647828,32.62123203277588,374609,node08,10.0.0.8,32.62123203277588,1,0.0034649999999999998,0.0009504000000000001,0.07416,0.0002052,0.00023040000000000002,2.4400000000000004e-05,"/ddn/jchen/ray_results/objective_2023-07-29_11-52-02/objective_da661d1d_56_netParams_connParams_BC-_BC_GABA_weight=0.0035,netParams_connParams_BC-_PYR_GABA_weight=0.0010,netParams_con_2023-07-29_12-23-15"
56,"netParams.connParams.PYR->BC_AMPA.weight      0.000364
netParams.connParams.BC->BC_GABA.weight       0.003825
netParams.connParams.PYR->OLM_AMPA.weight     0.000284
netParams.connParams.BC->PYR_GABA.weight      0.000907
netParams.connParams.PYR->PYR_AMPA.weight     0.000028
netParams.connParams.OLM->PYR_GABA.weight     0.080640
PYR                                           3.100000
BC                                           17.900000
OLM                                           2.490000
dtype: float64",3.1,17.9,2.49,1.4193333333333342,34.461214780807495,False,1,5d8c949f,2023-07-29_12-24-22,1690647862,34.461214780807495,374609,node08,10.0.0.8,34.461214780807495,1,0.0038249999999999994,0.0009072000000000002,0.08063999999999999,0.00036360000000000006,0.00028440000000000003,2.84e-05,"/ddn/jchen/ray_results/objective_2023-07-29_11-52-02/objective_5d8c949f_57_netParams_connParams_BC-_BC_GABA_weight=0.0038,netParams_connParams_BC-_PYR_GABA_weight=0.0009,netParams_con_2023-07-29_12-23-48"
57,"netParams.connParams.PYR->BC_AMPA.weight      0.000238
netParams.connParams.BC->BC_GABA.weight       0.004500
netParams.connParams.PYR->OLM_AMPA.weight     0.000317
netParams.connParams.BC->PYR_GABA.weight      0.000850
netParams.connParams.PYR->PYR_AMPA.weight     0.000026
netParams.connParams.OLM->PYR_GABA.weight     0.067680
PYR                                           3.420000
BC                                           18.900000
OLM                                           3.710000
dtype: float64",3.42,18.9,3.71,0.234666666666667,35.0366415977478,False,1,4d043820,2023-07-29_12-24-57,1690647897,35.0366415977478,374609,node08,10.0.0.8,35.0366415977478,1,0.0045,0.0008496,0.06767999999999999,0.00023760000000000003,0.0003168,2.5800000000000004e-05,"/ddn/jchen/ray_results/objective_2023-07-29_11-52-02/objective_4d043820_58_netParams_connParams_BC-_BC_GABA_weight=0.0045,netParams_connParams_BC-_PYR_GABA_weight=0.0008,netParams_con_2023-07-29_12-24-22"
58,"netParams.connParams.PYR->BC_AMPA.weight      0.000324
netParams.connParams.BC->BC_GABA.weight       0.004050
netParams.connParams.PYR->OLM_AMPA.weight     0.000245
netParams.connParams.BC->PYR_GABA.weight      0.000785
netParams.connParams.PYR->PYR_AMPA.weight     0.000029
netParams.connParams.OLM->PYR_GABA.weight     0.084240
PYR                                           3.430000
BC                                           20.600000
OLM                                           3.430000
dtype: float64",3.43,20.6,3.43,0.2732333333333346,33.411020040512085,False,1,f8213f49,2023-07-29_12-25-31,1690647931,33.411020040512085,374609,node08,10.0.0.8,33.411020040512085,1,0.00405,0.0007848,0.08424,0.000324,0.0002448,2.9200000000000005e-05,"/ddn/jchen/ray_results/objective_2023-07-29_11-52-02/objective_f8213f49_59_netParams_connParams_BC-_BC_GABA_weight=0.0040,netParams_connParams_BC-_PYR_GABA_weight=0.0008,netParams_con_2023-07-29_12-24-57"
59,"netParams.connParams.PYR->BC_AMPA.weight      0.000529
netParams.connParams.BC->BC_GABA.weight       0.003015
netParams.connParams.PYR->OLM_AMPA.weight     0.000263
netParams.connParams.BC->PYR_GABA.weight      0.001066
netParams.connParams.PYR->PYR_AMPA.weight     0.000023
netParams.connParams.OLM->PYR_GABA.weight     0.092160
PYR                                           3.050000
BC                                           20.000000
OLM                                           2.190000
dtype: float64",3.05,20.0,2.19,0.6041666666666671,33.816208839416504,False,1,3ba754b8,2023-07-29_12-26-05,1690647965,33.816208839416504,374609,node08,10.0.0.8,33.816208839416504,1,0.003015,0.0010656,0.09215999999999999,0.0005292000000000001,0.0002628,2.26e-05,"/ddn/jchen/ray_results/objective_2023-07-29_11-52-02/objective_3ba754b8_60_netParams_connParams_BC-_BC_GABA_weight=0.0030,netParams_connParams_BC-_PYR_GABA_weight=0.0011,netParams_con_2023-07-29_12-25-31"
60,"netParams.connParams.PYR->BC_AMPA.weight      0.000302
netParams.connParams.BC->BC_GABA.weight       0.003690
netParams.connParams.PYR->OLM_AMPA.weight     0.000310
netParams.connParams.BC->PYR_GABA.weight      0.000893
netParams.connParams.PYR->PYR_AMPA.weight     0.000028
netParams.connParams.OLM->PYR_GABA.weight     0.076320
PYR                                           3.180000
BC                                           20.200000
OLM                                           2.770000
dtype: float64",3.18,20.2,2.77,0.2552,33.06535315513611,False,1,2616a990,2023-07-29_12-26-38,1690647998,33.06535315513611,374609,node08,10.0.0.8,33.06535315513611,1,0.0036899999999999997,0.0008928,0.07632,0.00030240000000000003,0.00030960000000000004,2.76e-05,"/ddn/jchen/ray_results/objective_2023-07-29_11-52-02/objective_2616a990_61_netParams_connParams_BC-_BC_GABA_weight=0.0037,netParams_connParams_BC-_PYR_GABA_weight=0.0009,netParams_con_2023-07-29_12-26-05"
61,"netParams.connParams.PYR->BC_AMPA.weight      0.000277
netParams.connParams.BC->BC_GABA.weight       0.003960
netParams.connParams.PYR->OLM_AMPA.weight     0.000335
netParams.connParams.BC->PYR_GABA.weight      0.000612
netParams.connParams.PYR->PYR_AMPA.weight     0.000017
netParams.connParams.OLM->PYR_GABA.weight     0.046080
PYR                                           3.500000
BC                                           21.600000
OLM                                           3.220000
dtype: float64",3.5,21.6,3.22,1.2327000000000028,32.764233112335205,False,1,cbd11546,2023-07-29_12-27-11,1690648031,32.764233112335205,374609,node08,10.0.0.8,32.764233112335205,1,0.00396,0.000612,0.046079999999999996,0.0002772,0.0003348,1.66e-05,"/ddn/jchen/ray_results/objective_2023-07-29_11-52-02/objective_cbd11546_62_netParams_connParams_BC-_BC_GABA_weight=0.0040,netParams_connParams_BC-_PYR_GABA_weight=0.0006,netParams_con_2023-07-29_12-26-38"
62,"netParams.connParams.PYR->BC_AMPA.weight      0.000230
netParams.connParams.BC->BC_GABA.weight       0.004680
netParams.connParams.PYR->OLM_AMPA.weight     0.000299
netParams.connParams.BC->PYR_GABA.weight      0.000720
netParams.connParams.PYR->PYR_AMPA.weight     0.000014
netParams.connParams.OLM->PYR_GABA.weight     0.040320
PYR                                           3.720000
BC                                           21.600000
OLM                                           4.430000
dtype: float64",3.72,21.6,4.43,1.558666666666669,32.03865170478821,False,1,061384b9,2023-07-29_12-27-43,1690648063,32.03865170478821,374609,node08,10.0.0.8,32.03865170478821,1,0.00468,0.00072,0.040319999999999995,0.00023040000000000002,0.0002988,1.3800000000000002e-05,"/ddn/jchen/ray_results/objective_2023-07-29_11-52-02/objective_061384b9_63_netParams_connParams_BC-_BC_GABA_weight=0.0047,netParams_connParams_BC-_PYR_GABA_weight=0.0007,netParams_con_2023-07-29_12-27-11"
63,"netParams.connParams.PYR->BC_AMPA.weight      0.000248
netParams.connParams.BC->BC_GABA.weight       0.003870
netParams.connParams.PYR->OLM_AMPA.weight     0.000281
netParams.connParams.BC->PYR_GABA.weight      0.000814
netParams.connParams.PYR->PYR_AMPA.weight     0.000018
netParams.connParams.OLM->PYR_GABA.weight     0.064080
PYR                                           3.270000
BC                                           17.200000
OLM                                           2.710000
dtype: float64",3.27,17.2,2.71,2.2775000000000003,34.80363917350769,False,1,1fadad96,2023-07-29_12-28-18,1690648098,34.80363917350769,374609,node08,10.0.0.8,34.80363917350769,1,0.0038699999999999997,0.0008136,0.06408,0.0002484,0.0002808,1.76e-05,"/ddn/jchen/ray_results/objective_2023-07-29_11-52-02/objective_1fadad96_64_netParams_connParams_BC-_BC_GABA_weight=0.0039,netParams_connParams_BC-_PYR_GABA_weight=0.0008,netParams_con_2023-07-29_12-27-43"
64,"netParams.connParams.PYR->BC_AMPA.weight      0.000216
netParams.connParams.BC->BC_GABA.weight       0.004185
netParams.connParams.PYR->OLM_AMPA.weight     0.000227
netParams.connParams.BC->PYR_GABA.weight      0.000778
netParams.connParams.PYR->PYR_AMPA.weight     0.000022
netParams.connParams.OLM->PYR_GABA.weight     0.087840
PYR                                           3.390000
BC                                           19.400000
OLM                                           2.600000
dtype: float64",3.39,19.4,2.6,0.2831333333333335,32.907790422439575,False,1,9f11ca7b,2023-07-29_12-28-51,1690648131,32.907790422439575,374609,node08,10.0.0.8,32.907790422439575,1,0.0041849999999999995,0.0007776,0.08784,0.00021600000000000002,0.0002268,2.1600000000000003e-05,"/ddn/jchen/ray_results/objective_2023-07-29_11-52-02/objective_9f11ca7b_65_netParams_connParams_BC-_BC_GABA_weight=0.0042,netParams_connParams_BC-_PYR_GABA_weight=0.0008,netParams_con_2023-07-29_12-28-18"
65,"netParams.connParams.PYR->BC_AMPA.weight      0.000194
netParams.connParams.BC->BC_GABA.weight       0.004365
netParams.connParams.PYR->OLM_AMPA.weight     0.000328
netParams.connParams.BC->PYR_GABA.weight      0.001001
netParams.connParams.PYR->PYR_AMPA.weight     0.000020
netParams.connParams.OLM->PYR_GABA.weight     0.043920
PYR                                           3.390000
BC                                           19.900000
OLM                                           3.330000
dtype: float64",3.39,19.9,3.33,0.0206999999999999,32.804945945739746,False,1,594fdf40,2023-07-29_12-29-24,1690648164,32.804945945739746,374609,node08,10.0.0.8,32.804945945739746,1,0.004364999999999999,0.0010008,0.04392,0.0001944,0.00032760000000000005,1.9600000000000002e-05,"/ddn/jchen/ray_results/objective_2023-07-29_11-52-02/objective_594fdf40_66_netParams_connParams_BC-_BC_GABA_weight=0.0044,netParams_connParams_BC-_PYR_GABA_weight=0.0010,netParams_con_2023-07-29_12-28-51"
66,"netParams.connParams.PYR->BC_AMPA.weight      0.000202
netParams.connParams.BC->BC_GABA.weight       0.004320
netParams.connParams.PYR->OLM_AMPA.weight     0.000328
netParams.connParams.BC->PYR_GABA.weight      0.000986
netParams.connParams.PYR->PYR_AMPA.weight     0.000021
netParams.connParams.OLM->PYR_GABA.weight     0.043200
PYR                                           3.360000
BC                                           20.300000
OLM                                           3.070000
dtype: float64",3.36,20.3,3.07,0.1734666666666673,32.01919341087341,False,1,fe0d7fae,2023-07-29_12-29-56,1690648196,32.01919341087341,374609,node08,10.0.0.8,32.01919341087341,1,0.004319999999999999,0.0009864000000000001,0.043199999999999995,0.00020160000000000002,0.00032760000000000005,2.06e-05,"/ddn/jchen/ray_results/objective_2023-07-29_11-52-02/objective_fe0d7fae_67_netParams_connParams_BC-_BC_GABA_weight=0.0043,netParams_connParams_BC-_PYR_GABA_weight=0.0010,netParams_con_2023-07-29_12-29-24"
67,"netParams.connParams.PYR->BC_AMPA.weight      0.000191
netParams.connParams.BC->BC_GABA.weight       0.004770
netParams.connParams.PYR->OLM_AMPA.weight     0.000392
netParams.connParams.BC->PYR_GABA.weight      0.001037
netParams.connParams.PYR->PYR_AMPA.weight     0.000019
netParams.connParams.OLM->PYR_GABA.weight     0.050400
PYR                                           3.220000
BC                                           19.300000
OLM                                           3.410000
dtype: float64",3.22,19.3,3.41,0.0593333333333329,32.74173831939697,False,1,90f3a257,2023-07-29_12-30-29,1690648229,32.74173831939697,374609,node08,10.0.0.8,32.74173831939697,1,0.00477,0.0010368,0.0504,0.0001908,0.0003924,1.9400000000000004e-05,"/ddn/jchen/ray_results/objective_2023-07-29_11-52-02/objective_90f3a257_68_netParams_connParams_BC-_BC_GABA_weight=0.0048,netParams_connParams_BC-_PYR_GABA_weight=0.0010,netParams_con_2023-07-29_12-29-56"
68,"netParams.connParams.PYR->BC_AMPA.weight      0.000191
netParams.connParams.BC->BC_GABA.weight       0.004815
netParams.connParams.PYR->OLM_AMPA.weight     0.000410
netParams.connParams.BC->PYR_GABA.weight      0.001001
netParams.connParams.PYR->PYR_AMPA.weight     0.000019
netParams.connParams.OLM->PYR_GABA.weight     0.054720
PYR                                           3.260000
BC                                           17.600000
OLM                                           3.480000
dtype: float64",3.26,17.6,3.48,1.4721666666666635,32.59600067138672,False,1,bc9fa1c1,2023-07-29_12-31-01,1690648261,32.59600067138672,374609,node08,10.0.0.8,32.59600067138672,1,0.004815,0.0010008,0.05471999999999999,0.0001908,0.0004104,1.92e-05,"/ddn/jchen/ray_results/objective_2023-07-29_11-52-02/objective_bc9fa1c1_69_netParams_connParams_BC-_BC_GABA_weight=0.0048,netParams_connParams_BC-_PYR_GABA_weight=0.0010,netParams_con_2023-07-29_12-30-29"
69,"netParams.connParams.PYR->BC_AMPA.weight      0.000180
netParams.connParams.BC->BC_GABA.weight       0.005265
netParams.connParams.PYR->OLM_AMPA.weight     0.000432
netParams.connParams.BC->PYR_GABA.weight      0.001037
netParams.connParams.PYR->PYR_AMPA.weight     0.000020
netParams.connParams.OLM->PYR_GABA.weight     0.050400
PYR                                           3.350000
BC                                           18.900000
OLM                                           3.870000
dtype: float64",3.35,18.9,3.87,0.2667000000000003,33.225181579589844,False,1,ae661fd0,2023-07-29_12-31-35,1690648295,33.225181579589844,374609,node08,10.0.0.8,33.225181579589844,1,0.005265,0.0010368,0.0504,0.00018,0.000432,1.9600000000000002e-05,"/ddn/jchen/ray_results/objective_2023-07-29_11-52-02/objective_ae661fd0_70_netParams_connParams_BC-_BC_GABA_weight=0.0053,netParams_connParams_BC-_PYR_GABA_weight=0.0010,netParams_con_2023-07-29_12-31-01"
70,"netParams.connParams.PYR->BC_AMPA.weight      0.000216
netParams.connParams.BC->BC_GABA.weight       0.004995
netParams.connParams.PYR->OLM_AMPA.weight     0.000392
netParams.connParams.BC->PYR_GABA.weight      0.001051
netParams.connParams.PYR->PYR_AMPA.weight     0.000018
netParams.connParams.OLM->PYR_GABA.weight     0.051840
PYR                                           3.370000
BC                                           18.900000
OLM                                           3.480000
dtype: float64",3.37,18.9,3.48,0.213666666666667,34.07474994659424,False,1,75e38b04,2023-07-29_12-32-09,1690648329,34.07474994659424,374609,node08,10.0.0.8,34.07474994659424,1,0.0049949999999999994,0.0010512000000000002,0.05184,0.00021600000000000002,0.0003924,1.78e-05,"/ddn/jchen/ray_results/objective_2023-07-29_11-52-02/objective_75e38b04_71_netParams_connParams_BC-_BC_GABA_weight=0.0050,netParams_connParams_BC-_PYR_GABA_weight=0.0011,netParams_con_2023-07-29_12-31-35"
71,"netParams.connParams.PYR->BC_AMPA.weight      0.000194
netParams.connParams.BC->BC_GABA.weight       0.004410
netParams.connParams.PYR->OLM_AMPA.weight     0.000346
netParams.connParams.BC->PYR_GABA.weight      0.000936
netParams.connParams.PYR->PYR_AMPA.weight     0.000019
netParams.connParams.OLM->PYR_GABA.weight     0.048960
PYR                                           3.240000
BC                                           17.100000
OLM                                           3.080000
dtype: float64",3.24,17.1,3.08,2.307366666666663,32.25496459007263,False,1,482f1f34,2023-07-29_12-32-41,1690648361,32.25496459007263,374609,node08,10.0.0.8,32.25496459007263,1,0.004409999999999999,0.000936,0.04896,0.0001944,0.00034560000000000005,1.86e-05,"/ddn/jchen/ray_results/objective_2023-07-29_11-52-02/objective_482f1f34_72_netParams_connParams_BC-_BC_GABA_weight=0.0044,netParams_connParams_BC-_PYR_GABA_weight=0.0009,netParams_con_2023-07-29_12-32-09"
72,"netParams.connParams.PYR->BC_AMPA.weight      0.000385
netParams.connParams.BC->BC_GABA.weight       0.004500
netParams.connParams.PYR->OLM_AMPA.weight     0.000356
netParams.connParams.BC->PYR_GABA.weight      0.000965
netParams.connParams.PYR->PYR_AMPA.weight     0.000020
netParams.connParams.OLM->PYR_GABA.weight     0.056880
PYR                                           3.340000
BC                                           19.600000
OLM                                           3.730000
dtype: float64",3.34,19.6,3.73,0.0258666666666664,34.71395683288574,False,1,354b8a2d,2023-07-29_12-33-16,1690648396,34.71395683288574,374609,node08,10.0.0.8,34.71395683288574,1,0.0045,0.0009648,0.05688,0.00038520000000000004,0.0003564,2.04e-05,"/ddn/jchen/ray_results/objective_2023-07-29_11-52-02/objective_354b8a2d_73_netParams_connParams_BC-_BC_GABA_weight=0.0045,netParams_connParams_BC-_PYR_GABA_weight=0.0010,netParams_con_2023-07-29_12-32-41"
73,"netParams.connParams.PYR->BC_AMPA.weight      0.000389
netParams.connParams.BC->BC_GABA.weight       0.004590
netParams.connParams.PYR->OLM_AMPA.weight     0.000360
netParams.connParams.BC->PYR_GABA.weight      0.000958
netParams.connParams.PYR->PYR_AMPA.weight     0.000021
netParams.connParams.OLM->PYR_GABA.weight     0.057600
PYR                                           3.240000
BC                                           19.200000
OLM                                           3.410000
dtype: float64",3.24,19.2,3.41,0.0878666666666666,35.31629753112793,False,1,3c670919,2023-07-29_12-33-52,1690648432,35.31629753112793,374609,node08,10.0.0.8,35.31629753112793,1,0.0045899999999999995,0.0009576000000000001,0.0576,0.0003888,0.00036,2.0800000000000004e-05,"/ddn/jchen/ray_results/objective_2023-07-29_11-52-02/objective_3c670919_74_netParams_connParams_BC-_BC_GABA_weight=0.0046,netParams_connParams_BC-_PYR_GABA_weight=0.0010,netParams_con_2023-07-29_12-33-16"
74,"netParams.connParams.PYR->BC_AMPA.weight      0.000432
netParams.connParams.BC->BC_GABA.weight       0.004725
netParams.connParams.PYR->OLM_AMPA.weight     0.000382
netParams.connParams.BC->PYR_GABA.weight      0.001001
netParams.connParams.PYR->PYR_AMPA.weight     0.000019
netParams.connParams.OLM->PYR_GABA.weight     0.054000
PYR                                           3.290000
BC                                           19.200000
OLM                                           3.250000
dtype: float64",3.29,19.2,3.25,0.1003,35.32738304138184,False,1,cceaf0cf,2023-07-29_12-34-27,1690648467,35.32738304138184,374609,node08,10.0.0.8,35.32738304138184,1,0.004725,0.0010008,0.05399999999999999,0.000432,0.00038160000000000006,1.9e-05,"/ddn/jchen/ray_results/objective_2023-07-29_11-52-02/objective_cceaf0cf_75_netParams_connParams_BC-_BC_GABA_weight=0.0047,netParams_connParams_BC-_PYR_GABA_weight=0.0010,netParams_con_2023-07-29_12-33-52"
75,"netParams.connParams.PYR->BC_AMPA.weight      0.000385
netParams.connParams.BC->BC_GABA.weight       0.004500
netParams.connParams.PYR->OLM_AMPA.weight     0.000367
netParams.connParams.BC->PYR_GABA.weight      0.001037
netParams.connParams.PYR->PYR_AMPA.weight     0.000018
netParams.connParams.OLM->PYR_GABA.weight     0.043200
PYR                                           3.230000
BC                                           19.600000
OLM                                           3.120000
dtype: float64",3.23,19.6,3.12,0.0481999999999998,33.30290150642395,False,1,ea237138,2023-07-29_12-35-00,1690648500,33.30290150642395,374609,node08,10.0.0.8,33.30290150642395,1,0.0045,0.0010368,0.043199999999999995,0.00038520000000000004,0.00036720000000000004,1.8200000000000002e-05,"/ddn/jchen/ray_results/objective_2023-07-29_11-52-02/objective_ea237138_76_netParams_connParams_BC-_BC_GABA_weight=0.0045,netParams_connParams_BC-_PYR_GABA_weight=0.0010,netParams_con_2023-07-29_12-34-27"
76,"netParams.connParams.PYR->BC_AMPA.weight      0.000338
netParams.connParams.BC->BC_GABA.weight       0.004140
netParams.connParams.PYR->OLM_AMPA.weight     0.000364
netParams.connParams.BC->PYR_GABA.weight      0.001037
netParams.connParams.PYR->PYR_AMPA.weight     0.000020
netParams.connParams.OLM->PYR_GABA.weight     0.036000
PYR                                           3.320000
BC                                           19.700000
OLM                                           3.340000
dtype: float64",3.32,19.7,3.34,0.0057666666666666,33.47404623031616,False,1,2ed16b1a,2023-07-29_12-35-34,1690648534,33.47404623031616,374609,node08,10.0.0.8,33.47404623031616,1,0.00414,0.0010368,0.036,0.0003384,0.00036360000000000006,1.98e-05,"/ddn/jchen/ray_results/objective_2023-07-29_11-52-02/objective_2ed16b1a_77_netParams_connParams_BC-_BC_GABA_weight=0.0041,netParams_connParams_BC-_PYR_GABA_weight=0.0010,netParams_con_2023-07-29_12-35-00"
77,"netParams.connParams.PYR->BC_AMPA.weight      0.000410
netParams.connParams.BC->BC_GABA.weight       0.004140
netParams.connParams.PYR->OLM_AMPA.weight     0.000403
netParams.connParams.BC->PYR_GABA.weight      0.001037
netParams.connParams.PYR->PYR_AMPA.weight     0.000020
netParams.connParams.OLM->PYR_GABA.weight     0.036000
PYR                                           3.250000
BC                                           19.800000
OLM                                           3.280000
dtype: float64",3.25,19.8,3.28,0.0180666666666668,34.450008392333984,False,1,1eb5ed97,2023-07-29_12-36-09,1690648569,34.450008392333984,374609,node08,10.0.0.8,34.450008392333984,1,0.00414,0.0010368,0.036,0.0004104,0.00040320000000000004,2e-05,"/ddn/jchen/ray_results/objective_2023-07-29_11-52-02/objective_1eb5ed97_78_netParams_connParams_BC-_BC_GABA_weight=0.0041,netParams_connParams_BC-_PYR_GABA_weight=0.0010,netParams_con_2023-07-29_12-35-34"
78,"netParams.connParams.PYR->BC_AMPA.weight      0.000414
netParams.connParams.BC->BC_GABA.weight       0.004275
netParams.connParams.PYR->OLM_AMPA.weight     0.000374
netParams.connParams.BC->PYR_GABA.weight      0.001008
netParams.connParams.PYR->PYR_AMPA.weight     0.000020
netParams.connParams.OLM->PYR_GABA.weight     0.038160
PYR                                           3.150000
BC                                           17.600000
OLM                                           2.930000
dtype: float64",3.15,17.6,2.93,1.5792333333333304,33.05145788192749,False,1,c15c503e,2023-07-29_12-36-42,1690648602,33.05145788192749,374609,node08,10.0.0.8,33.05145788192749,1,0.004274999999999999,0.001008,0.03816,0.00041400000000000003,0.0003744,2e-05,"/ddn/jchen/ray_results/objective_2023-07-29_11-52-02/objective_c15c503e_79_netParams_connParams_BC-_BC_GABA_weight=0.0043,netParams_connParams_BC-_PYR_GABA_weight=0.0010,netParams_con_2023-07-29_12-36-09"
79,"netParams.connParams.PYR->BC_AMPA.weight      0.000382
netParams.connParams.BC->BC_GABA.weight       0.004140
netParams.connParams.PYR->OLM_AMPA.weight     0.000403
netParams.connParams.BC->PYR_GABA.weight      0.001066
netParams.connParams.PYR->PYR_AMPA.weight     0.000022
netParams.connParams.OLM->PYR_GABA.weight     0.043200
PYR                                           3.140000
BC                                           19.300000
OLM                                           3.580000
dtype: float64",3.14,19.3,3.58,0.0706999999999995,37.940526723861694,False,1,9a4fe5fa,2023-07-29_12-37-20,1690648640,37.940526723861694,374609,node08,10.0.0.8,37.940526723861694,1,0.00414,0.0010656,0.043199999999999995,0.00038160000000000006,0.00040320000000000004,2.18e-05,"/ddn/jchen/ray_results/objective_2023-07-29_11-52-02/objective_9a4fe5fa_80_netParams_connParams_BC-_BC_GABA_weight=0.0041,netParams_connParams_BC-_PYR_GABA_weight=0.0011,netParams_con_2023-07-29_12-36-42"
80,"netParams.connParams.PYR->BC_AMPA.weight      0.000367
netParams.connParams.BC->BC_GABA.weight       0.004095
netParams.connParams.PYR->OLM_AMPA.weight     0.000356
netParams.connParams.BC->PYR_GABA.weight      0.001030
netParams.connParams.PYR->PYR_AMPA.weight     0.000018
netParams.connParams.OLM->PYR_GABA.weight     0.036720
PYR                                           3.250000
BC                                           20.600000
OLM                                           2.980000
dtype: float64",3.25,20.6,2.98,0.3527333333333347,32.67814302444458,False,1,16c535ed,2023-07-29_12-37-53,1690648673,32.67814302444458,374609,node08,10.0.0.8,32.67814302444458,1,0.004095,0.0010296,0.036719999999999996,0.00036720000000000004,0.0003564,1.8200000000000002e-05,"/ddn/jchen/ray_results/objective_2023-07-29_11-52-02/objective_16c535ed_81_netParams_connParams_BC-_BC_GABA_weight=0.0041,netParams_connParams_BC-_PYR_GABA_weight=0.0010,netParams_con_2023-07-29_12-37-20"
81,"netParams.connParams.PYR->BC_AMPA.weight      0.000407
netParams.connParams.BC->BC_GABA.weight       0.004500
netParams.connParams.PYR->OLM_AMPA.weight     0.000385
netParams.connParams.BC->PYR_GABA.weight      0.001037
netParams.connParams.PYR->PYR_AMPA.weight     0.000020
netParams.connParams.OLM->PYR_GABA.weight     0.038880
PYR                                           3.250000
BC                                           18.700000
OLM                                           3.530000
dtype: float64",3.25,18.7,3.53,0.3372333333333333,31.94845294952393,False,1,89c1c469,2023-07-29_12-38-25,1690648705,31.94845294952393,374609,node08,10.0.0.8,31.94845294952393,1,0.0045,0.0010368,0.03888,0.0004068,0.00038520000000000004,2.04e-05,"/ddn/jchen/ray_results/objective_2023-07-29_11-52-02/objective_89c1c469_82_netParams_connParams_BC-_BC_GABA_weight=0.0045,netParams_connParams_BC-_PYR_GABA_weight=0.0010,netParams_con_2023-07-29_12-37-53"
82,"netParams.connParams.PYR->BC_AMPA.weight      0.000205
netParams.connParams.BC->BC_GABA.weight       0.004320
netParams.connParams.PYR->OLM_AMPA.weight     0.000428
netParams.connParams.BC->PYR_GABA.weight      0.001044
netParams.connParams.PYR->PYR_AMPA.weight     0.000020
netParams.connParams.OLM->PYR_GABA.weight     0.043920
PYR                                           3.240000
BC                                           19.300000
OLM                                           3.280000
dtype: float64",3.24,19.3,3.28,0.0686999999999996,32.75660300254822,False,1,2b3e5a60,2023-07-29_12-38-57,1690648737,32.75660300254822,374609,node08,10.0.0.8,32.75660300254822,1,0.004319999999999999,0.001044,0.04392,0.0002052,0.0004284,1.9600000000000002e-05,"/ddn/jchen/ray_results/objective_2023-07-29_11-52-02/objective_2b3e5a60_83_netParams_connParams_BC-_BC_GABA_weight=0.0043,netParams_connParams_BC-_PYR_GABA_weight=0.0010,netParams_con_2023-07-29_12-38-25"
83,"netParams.connParams.PYR->BC_AMPA.weight      0.000389
netParams.connParams.BC->BC_GABA.weight       0.004905
netParams.connParams.PYR->OLM_AMPA.weight     0.000367
netParams.connParams.BC->PYR_GABA.weight      0.000994
netParams.connParams.PYR->PYR_AMPA.weight     0.000020
netParams.connParams.OLM->PYR_GABA.weight     0.041760
PYR                                           3.300000
BC                                           18.700000
OLM                                           3.170000
dtype: float64",3.3,18.7,3.17,0.3638666666666667,33.12321996688843,False,1,c61e5da3,2023-07-29_12-39-31,1690648771,33.12321996688843,374609,node08,10.0.0.8,33.12321996688843,1,0.004905,0.0009936,0.04176,0.0003888,0.00036720000000000004,2e-05,"/ddn/jchen/ray_results/objective_2023-07-29_11-52-02/objective_c61e5da3_84_netParams_connParams_BC-_BC_GABA_weight=0.0049,netParams_connParams_BC-_PYR_GABA_weight=0.0010,netParams_con_2023-07-29_12-38-58"
84,"netParams.connParams.PYR->BC_AMPA.weight      0.000493
netParams.connParams.BC->BC_GABA.weight       0.003735
netParams.connParams.PYR->OLM_AMPA.weight     0.000349
netParams.connParams.BC->PYR_GABA.weight      0.000972
netParams.connParams.PYR->PYR_AMPA.weight     0.000017
netParams.connParams.OLM->PYR_GABA.weight     0.039600
PYR                                           3.250000
BC                                           20.100000
OLM                                           3.520000
dtype: float64",3.25,20.1,3.52,0.0568666666666672,33.73828625679016,False,1,4a7d3f54,2023-07-29_12-40-05,1690648805,33.73828625679016,374609,node08,10.0.0.8,33.73828625679016,1,0.0037349999999999996,0.000972,0.039599999999999996,0.0004932000000000001,0.00034920000000000003,1.7e-05,"/ddn/jchen/ray_results/objective_2023-07-29_11-52-02/objective_4a7d3f54_85_netParams_connParams_BC-_BC_GABA_weight=0.0037,netParams_connParams_BC-_PYR_GABA_weight=0.0010,netParams_con_2023-07-29_12-39-31"
85,"netParams.connParams.PYR->BC_AMPA.weight      0.000500
netParams.connParams.BC->BC_GABA.weight       0.003375
netParams.connParams.PYR->OLM_AMPA.weight     0.000464
netParams.connParams.BC->PYR_GABA.weight      0.000965
netParams.connParams.PYR->PYR_AMPA.weight     0.000016
netParams.connParams.OLM->PYR_GABA.weight     0.036000
PYR                                           2.990000
BC                                           18.600000
OLM                                           2.980000
dtype: float64",2.99,18.6,2.98,0.5241999999999984,33.650123596191406,False,1,eb4ff523,2023-07-29_12-40-38,1690648838,33.650123596191406,374609,node08,10.0.0.8,33.650123596191406,1,0.0033749999999999995,0.0009648,0.036,0.0005004,0.0004644,1.6400000000000002e-05,"/ddn/jchen/ray_results/objective_2023-07-29_11-52-02/objective_eb4ff523_86_netParams_connParams_BC-_BC_GABA_weight=0.0034,netParams_connParams_BC-_PYR_GABA_weight=0.0010,netParams_con_2023-07-29_12-40-05"
86,"netParams.connParams.PYR->BC_AMPA.weight      0.000486
netParams.connParams.BC->BC_GABA.weight       0.003645
netParams.connParams.PYR->OLM_AMPA.weight     0.000349
netParams.connParams.BC->PYR_GABA.weight      0.001008
netParams.connParams.PYR->PYR_AMPA.weight     0.000017
netParams.connParams.OLM->PYR_GABA.weight     0.040320
PYR                                           3.190000
BC                                           21.400000
OLM                                           2.900000
dtype: float64",3.19,21.4,2.9,1.0791333333333326,34.29812788963318,False,1,578132d5,2023-07-29_12-41-13,1690648873,34.29812788963318,374609,node08,10.0.0.8,34.29812788963318,1,0.003645,0.001008,0.040319999999999995,0.000486,0.00034920000000000003,1.7400000000000003e-05,"/ddn/jchen/ray_results/objective_2023-07-29_11-52-02/objective_578132d5_87_netParams_connParams_BC-_BC_GABA_weight=0.0036,netParams_connParams_BC-_PYR_GABA_weight=0.0010,netParams_con_2023-07-29_12-40-38"
87,"netParams.connParams.PYR->BC_AMPA.weight      0.000464
netParams.connParams.BC->BC_GABA.weight       0.003780
netParams.connParams.PYR->OLM_AMPA.weight     0.000338
netParams.connParams.BC->PYR_GABA.weight      0.000929
netParams.connParams.PYR->PYR_AMPA.weight     0.000016
netParams.connParams.OLM->PYR_GABA.weight     0.045360
PYR                                           3.170000
BC                                           20.200000
OLM                                           2.810000
dtype: float64",3.17,20.2,2.81,0.2381666666666667,33.43740153312683,False,1,74662ca7,2023-07-29_12-41-46,1690648906,33.43740153312683,374609,node08,10.0.0.8,33.43740153312683,1,0.0037799999999999995,0.0009288,0.04536,0.0004644,0.0003384,1.58e-05,"/ddn/jchen/ray_results/objective_2023-07-29_11-52-02/objective_74662ca7_88_netParams_connParams_BC-_BC_GABA_weight=0.0038,netParams_connParams_BC-_PYR_GABA_weight=0.0009,netParams_con_2023-07-29_12-41-13"
88,"netParams.connParams.PYR->BC_AMPA.weight      0.000338
netParams.connParams.BC->BC_GABA.weight       0.004095
netParams.connParams.PYR->OLM_AMPA.weight     0.000364
netParams.connParams.BC->PYR_GABA.weight      0.000972
netParams.connParams.PYR->PYR_AMPA.weight     0.000011
netParams.connParams.OLM->PYR_GABA.weight     0.038160
PYR                                           3.210000
BC                                           19.500000
OLM                                           3.150000
dtype: float64",3.21,19.5,3.15,0.0530999999999999,33.69848608970642,False,1,bbb6a353,2023-07-29_12-42-20,1690648940,33.69848608970642,374609,node08,10.0.0.8,33.69848608970642,1,0.004095,0.000972,0.03816,0.0003384,0.00036360000000000006,1.1200000000000001e-05,"/ddn/jchen/ray_results/objective_2023-07-29_11-52-02/objective_bbb6a353_89_netParams_connParams_BC-_BC_GABA_weight=0.0041,netParams_connParams_BC-_PYR_GABA_weight=0.0010,netParams_con_2023-07-29_12-41-46"
89,"netParams.connParams.PYR->BC_AMPA.weight      0.000338
netParams.connParams.BC->BC_GABA.weight       0.003555
netParams.connParams.PYR->OLM_AMPA.weight     0.000364
netParams.connParams.BC->PYR_GABA.weight      0.000972
netParams.connParams.PYR->PYR_AMPA.weight     0.000012
netParams.connParams.OLM->PYR_GABA.weight     0.039600
PYR                                           3.190000
BC                                           20.400000
OLM                                           3.090000
dtype: float64",3.19,20.4,3.09,0.2189666666666664,33.006869316101074,False,1,297045bc,2023-07-29_12-42-53,1690648973,33.006869316101074,374609,node08,10.0.0.8,33.006869316101074,1,0.003555,0.000972,0.039599999999999996,0.0003384,0.00036360000000000006,1.2400000000000002e-05,"/ddn/jchen/ray_results/objective_2023-07-29_11-52-02/objective_297045bc_90_netParams_connParams_BC-_BC_GABA_weight=0.0036,netParams_connParams_BC-_PYR_GABA_weight=0.0010,netParams_con_2023-07-29_12-42-20"
90,"netParams.connParams.PYR->BC_AMPA.weight      0.000335
netParams.connParams.BC->BC_GABA.weight       0.004005
netParams.connParams.PYR->OLM_AMPA.weight     0.000403
netParams.connParams.BC->PYR_GABA.weight      0.001022
netParams.connParams.PYR->PYR_AMPA.weight     0.000017
netParams.connParams.OLM->PYR_GABA.weight     0.047520
PYR                                           3.200000
BC                                           20.000000
OLM                                           3.000000
dtype: float64",3.2,20.0,3.0,0.1101666666666668,32.811591148376465,False,1,e0efb555,2023-07-29_12-43-26,1690649006,32.811591148376465,374609,node08,10.0.0.8,32.811591148376465,1,0.004005,0.0010224000000000001,0.04751999999999999,0.0003348,0.00040320000000000004,1.7e-05,"/ddn/jchen/ray_results/objective_2023-07-29_11-52-02/objective_e0efb555_91_netParams_connParams_BC-_BC_GABA_weight=0.0040,netParams_connParams_BC-_PYR_GABA_weight=0.0010,netParams_con_2023-07-29_12-42-53"
91,"netParams.connParams.PYR->BC_AMPA.weight      0.000360
netParams.connParams.BC->BC_GABA.weight       0.004095
netParams.connParams.PYR->OLM_AMPA.weight     0.000353
netParams.connParams.BC->PYR_GABA.weight      0.000986
netParams.connParams.PYR->PYR_AMPA.weight     0.000014
netParams.connParams.OLM->PYR_GABA.weight     0.036000
PYR                                           3.520000
BC                                           21.300000
OLM                                           3.870000
dtype: float64",3.52,21.3,3.87,0.917466666666668,32.89450120925903,False,1,4c0917a8,2023-07-29_12-43-59,1690649039,32.89450120925903,374609,node08,10.0.0.8,32.89450120925903,1,0.004095,0.0009864000000000001,0.036,0.00036,0.0003528,1.4200000000000001e-05,"/ddn/jchen/ray_results/objective_2023-07-29_11-52-02/objective_4c0917a8_92_netParams_connParams_BC-_BC_GABA_weight=0.0041,netParams_connParams_BC-_PYR_GABA_weight=0.0010,netParams_con_2023-07-29_12-43-26"
92,"netParams.connParams.PYR->BC_AMPA.weight      0.000328
netParams.connParams.BC->BC_GABA.weight       0.004410
netParams.connParams.PYR->OLM_AMPA.weight     0.000342
netParams.connParams.BC->PYR_GABA.weight      0.001015
netParams.connParams.PYR->PYR_AMPA.weight     0.000011
netParams.connParams.OLM->PYR_GABA.weight     0.037440
PYR                                           3.300000
BC                                           19.300000
OLM                                           3.190000
dtype: float64",3.3,19.3,3.19,0.0799999999999996,34.01694345474243,False,1,0a157849,2023-07-29_12-44-33,1690649073,34.01694345474243,374609,node08,10.0.0.8,34.01694345474243,1,0.004409999999999999,0.0010152000000000002,0.037439999999999994,0.00032760000000000005,0.000342,1.1400000000000001e-05,"/ddn/jchen/ray_results/objective_2023-07-29_11-52-02/objective_0a157849_93_netParams_connParams_BC-_BC_GABA_weight=0.0044,netParams_connParams_BC-_PYR_GABA_weight=0.0010,netParams_con_2023-07-29_12-43-59"
93,"netParams.connParams.PYR->BC_AMPA.weight      0.000346
netParams.connParams.BC->BC_GABA.weight       0.004185
netParams.connParams.PYR->OLM_AMPA.weight     0.000331
netParams.connParams.BC->PYR_GABA.weight      0.001051
netParams.connParams.PYR->PYR_AMPA.weight     0.000018
netParams.connParams.OLM->PYR_GABA.weight     0.041760
PYR                                           3.310000
BC                                           18.700000
OLM                                           2.980000
dtype: float64",3.31,18.7,2.98,0.4136666666666667,33.93461012840271,False,1,89b61fc3,2023-07-29_12-45-07,1690649107,33.93461012840271,374609,node08,10.0.0.8,33.93461012840271,1,0.0041849999999999995,0.0010512000000000002,0.04176,0.00034560000000000005,0.00033120000000000003,1.8200000000000002e-05,"/ddn/jchen/ray_results/objective_2023-07-29_11-52-02/objective_89b61fc3_94_netParams_connParams_BC-_BC_GABA_weight=0.0042,netParams_connParams_BC-_PYR_GABA_weight=0.0011,netParams_con_2023-07-29_12-44-33"
94,"netParams.connParams.PYR->BC_AMPA.weight      0.000382
netParams.connParams.BC->BC_GABA.weight       0.004590
netParams.connParams.PYR->OLM_AMPA.weight     0.000324
netParams.connParams.BC->PYR_GABA.weight      0.000958
netParams.connParams.PYR->PYR_AMPA.weight     0.000021
netParams.connParams.OLM->PYR_GABA.weight     0.044640
PYR                                           3.420000
BC                                           19.600000
OLM                                           3.270000
dtype: float64",3.42,19.6,3.27,0.0187999999999998,34.60987424850464,False,1,4a255924,2023-07-29_12-45-42,1690649142,34.60987424850464,374609,node08,10.0.0.8,34.60987424850464,1,0.0045899999999999995,0.0009576000000000001,0.04464,0.00038160000000000006,0.000324,2.12e-05,"/ddn/jchen/ray_results/objective_2023-07-29_11-52-02/objective_4a255924_95_netParams_connParams_BC-_BC_GABA_weight=0.0046,netParams_connParams_BC-_PYR_GABA_weight=0.0010,netParams_con_2023-07-29_12-45-07"
95,"netParams.connParams.PYR->BC_AMPA.weight      0.000443
netParams.connParams.BC->BC_GABA.weight       0.004590
netParams.connParams.PYR->OLM_AMPA.weight     0.000378
netParams.connParams.BC->PYR_GABA.weight      0.000922
netParams.connParams.PYR->PYR_AMPA.weight     0.000011
netParams.connParams.OLM->PYR_GABA.weight     0.044640
PYR                                           3.280000
BC                                           20.200000
OLM                                           3.590000
dtype: float64",3.28,20.2,3.59,0.0893333333333333,32.83805322647095,False,1,9d0f3936,2023-07-29_12-46-15,1690649175,32.83805322647095,374609,node08,10.0.0.8,32.83805322647095,1,0.0045899999999999995,0.0009216000000000001,0.04464,0.00044280000000000003,0.000378,1.0800000000000002e-05,"/ddn/jchen/ray_results/objective_2023-07-29_11-52-02/objective_9d0f3936_96_netParams_connParams_BC-_BC_GABA_weight=0.0046,netParams_connParams_BC-_PYR_GABA_weight=0.0009,netParams_con_2023-07-29_12-45-42"
96,"netParams.connParams.PYR->BC_AMPA.weight      0.000425
netParams.connParams.BC->BC_GABA.weight       0.004455
netParams.connParams.PYR->OLM_AMPA.weight     0.000371
netParams.connParams.BC->PYR_GABA.weight      0.000958
netParams.connParams.PYR->PYR_AMPA.weight     0.000021
netParams.connParams.OLM->PYR_GABA.weight     0.047520
PYR                                           3.320000
BC                                           19.300000
OLM                                           3.830000
dtype: float64",3.32,19.3,3.83,0.0966666666666662,32.553385972976685,False,1,abbd980a,2023-07-29_12-46-48,1690649208,32.553385972976685,374609,node08,10.0.0.8,32.553385972976685,1,0.004455,0.0009576000000000001,0.04751999999999999,0.0004248,0.0003708,2.12e-05,"/ddn/jchen/ray_results/objective_2023-07-29_11-52-02/objective_abbd980a_97_netParams_connParams_BC-_BC_GABA_weight=0.0045,netParams_connParams_BC-_PYR_GABA_weight=0.0010,netParams_con_2023-07-29_12-46-15"
97,"netParams.connParams.PYR->BC_AMPA.weight      0.000392
netParams.connParams.BC->BC_GABA.weight       0.003690
netParams.connParams.PYR->OLM_AMPA.weight     0.000320
netParams.connParams.BC->PYR_GABA.weight      0.000979
netParams.connParams.PYR->PYR_AMPA.weight     0.000019
netParams.connParams.OLM->PYR_GABA.weight     0.038880
PYR                                           3.290000
BC                                           20.700000
OLM                                           3.170000
dtype: float64",3.29,20.7,3.17,0.3641666666666667,32.39643430709839,False,1,ed4013f6,2023-07-29_12-47-20,1690649240,32.39643430709839,374609,node08,10.0.0.8,32.39643430709839,1,0.0036899999999999997,0.0009792000000000002,0.03888,0.0003924,0.0003204,1.9e-05,"/ddn/jchen/ray_results/objective_2023-07-29_11-52-02/objective_ed4013f6_98_netParams_connParams_BC-_BC_GABA_weight=0.0037,netParams_connParams_BC-_PYR_GABA_weight=0.0010,netParams_con_2023-07-29_12-46-48"
98,"netParams.connParams.PYR->BC_AMPA.weight      0.000378
netParams.connParams.BC->BC_GABA.weight       0.003870
netParams.connParams.PYR->OLM_AMPA.weight     0.000353
netParams.connParams.BC->PYR_GABA.weight      0.000446
netParams.connParams.PYR->PYR_AMPA.weight     0.000022
netParams.connParams.OLM->PYR_GABA.weight     0.041760
PYR                                           3.900000
BC                                           23.600000
OLM                                           4.580000
dtype: float64",3.9,23.6,4.58,5.585233333333338,31.907291173934937,False,1,f4485080,2023-07-29_12-47-52,1690649272,31.907291173934937,374609,node08,10.0.0.8,31.907291173934937,1,0.0038699999999999997,0.0004464,0.04176,0.000378,0.0003528,2.1600000000000003e-05,"/ddn/jchen/ray_results/objective_2023-07-29_11-52-02/objective_f4485080_99_netParams_connParams_BC-_BC_GABA_weight=0.0039,netParams_connParams_BC-_PYR_GABA_weight=0.0004,netParams_con_2023-07-29_12-47-20"
99,"netParams.connParams.PYR->BC_AMPA.weight      0.000317
netParams.connParams.BC->BC_GABA.weight       0.004635
netParams.connParams.PYR->OLM_AMPA.weight     0.000364
netParams.connParams.BC->PYR_GABA.weight      0.001066
netParams.connParams.PYR->PYR_AMPA.weight     0.000023
netParams.connParams.OLM->PYR_GABA.weight     0.038160
PYR                                           3.330000
BC                                           19.400000
OLM                                           3.270000
dtype: float64",3.33,19.4,3.27,0.0433666666666668,33.02023959159851,False,1,ad8baf13,2023-07-29_12-48-25,1690649305,33.02023959159851,374609,node08,10.0.0.8,33.02023959159851,1,0.004635,0.0010656,0.03816,0.0003168,0.00036360000000000006,2.2800000000000002e-05,"/ddn/jchen/ray_results/objective_2023-07-29_11-52-02/objective_ad8baf13_100_netParams_connParams_BC-_BC_GABA_weight=0.0046,netParams_connParams_BC-_PYR_GABA_weight=0.0011,netParams_co_2023-07-29_12-47-52"
