,sdata,PYR,BC,OLM,loss,time_this_iter_s,done,training_iteration,trial_id,date,timestamp,time_total_s,pid,hostname,node_ip,time_since_restore,iterations_since_restore,config/netParams.connParams.PYR->BC_AMPA.weight,config/netParams.connParams.PYR->BC_NMDA.weight,config/netParams.connParams.PYR->OLM_AMPA.weight,config/netParams.connParams.PYR->OLM_NMDA.weight,config/netParams.connParams.PYR->PYR_AMPA.weight,config/netParams.connParams.PYR->PYR_NMDA.weight,logdir
0,"netParams.connParams.PYR->BC_AMPA.weight      0.000315
netParams.connParams.PYR->BC_NMDA.weight      0.002002
netParams.connParams.PYR->OLM_AMPA.weight     0.000444
netParams.connParams.PYR->OLM_NMDA.weight     0.000769
netParams.connParams.PYR->PYR_AMPA.weight     0.000013
netParams.connParams.PYR->PYR_NMDA.weight     0.000003
PYR                                           2.740000
BC                                           17.800000
OLM                                           2.570000
dtype: float64",2.74,17.8,2.57,1.5933333333333315,39.67503190040589,False,1,3b5f2173,2023-07-30_22-54-19,1690772059,39.67503190040589,579944,node06,10.0.0.6,39.67503190040589,1,0.0003148344427850505,0.002001985742845684,0.0004435178190521058,0.0007690609389379255,1.3120372808848731e-05,2.6239780813448104e-06,"/ddn/jchen/dev/optimization/batchdir/ray_ses/bopt/objective_3b5f2173_1_netParams_connParams_PYR-_BC_AMPA_weight=0.0003,netParams_connParams_PYR-_BC_NMDA_weight=0.0020,netParams_con_2023-07-30_22-53-30"
1,"netParams.connParams.PYR->BC_AMPA.weight      0.000201
netParams.connParams.PYR->BC_NMDA.weight      0.001885
netParams.connParams.PYR->OLM_AMPA.weight     0.000396
netParams.connParams.PYR->OLM_NMDA.weight     0.000846
netParams.connParams.PYR->PYR_AMPA.weight     0.000010
netParams.connParams.PYR->PYR_NMDA.weight     0.000006
PYR                                           2.770000
BC                                           18.400000
OLM                                           2.830000
dtype: float64",2.77,18.4,2.83,0.8081666666666673,33.25940251350403,False,1,53d95b2d,2023-07-30_22-54-52,1690772092,33.25940251350403,579944,node06,10.0.0.6,33.25940251350403,1,0.00020091010038055182,0.0018853230811694101,0.0003964014042275552,0.0008456508044572318,1.041168988591605e-05,5.879639408647978e-06,"/ddn/jchen/dev/optimization/batchdir/ray_ses/bopt/objective_53d95b2d_2_netParams_connParams_PYR-_BC_AMPA_weight=0.0002,netParams_connParams_PYR-_BC_NMDA_weight=0.0019,netParams_con_2023-07-30_22-54-19"
2,"netParams.connParams.PYR->BC_AMPA.weight      0.000480
netParams.connParams.PYR->BC_NMDA.weight      0.000983
netParams.connParams.PYR->OLM_AMPA.weight     0.000245
netParams.connParams.PYR->OLM_NMDA.weight     0.000478
netParams.connParams.PYR->PYR_AMPA.weight     0.000016
netParams.connParams.PYR->PYR_NMDA.weight     0.000004
PYR                                           4.540000
BC                                           20.800000
OLM                                           2.380000
dtype: float64",4.54,20.8,2.38,1.279366666666668,33.418038845062256,False,1,fa219c13,2023-07-30_22-55-25,1690772125,33.418038845062256,579944,node06,10.0.0.6,33.418038845062256,1,0.0004796793506881518,0.000983027972736021,0.00024545698819455626,0.0004783831568974037,1.6084844859190756e-05,4.099025726528952e-06,"/ddn/jchen/dev/optimization/batchdir/ray_ses/bopt/objective_fa219c13_3_netParams_connParams_PYR-_BC_AMPA_weight=0.0005,netParams_connParams_PYR-_BC_NMDA_weight=0.0010,netParams_con_2023-07-30_22-54-52"
3,"netParams.connParams.PYR->BC_AMPA.weight      0.000336
netParams.connParams.PYR->BC_NMDA.weight      0.001092
netParams.connParams.PYR->OLM_AMPA.weight     0.000400
netParams.connParams.PYR->OLM_NMDA.weight     0.000448
netParams.connParams.PYR->PYR_AMPA.weight     0.000016
netParams.connParams.PYR->PYR_NMDA.weight     0.000003
PYR                                           4.260000
BC                                           20.600000
OLM                                           2.900000
dtype: float64",4.26,20.6,2.9,0.6604333333333346,33.799898624420166,False,1,2b17fb37,2023-07-30_22-55-59,1690772159,33.799898624420166,579944,node06,10.0.0.6,33.799898624420166,1,0.00033550020671116167,0.0010918962134732978,0.00040026704210005656,0.0004476457024564293,1.5842892970704367e-05,3.465447373174767e-06,"/ddn/jchen/dev/optimization/batchdir/ray_ses/bopt/objective_2b17fb37_4_netParams_connParams_PYR-_BC_AMPA_weight=0.0003,netParams_connParams_PYR-_BC_NMDA_weight=0.0011,netParams_con_2023-07-30_22-55-25"
4,"netParams.connParams.PYR->BC_AMPA.weight      0.000344
netParams.connParams.PYR->BC_NMDA.weight      0.001774
netParams.connParams.PYR->OLM_AMPA.weight     0.000252
netParams.connParams.PYR->OLM_NMDA.weight     0.000710
netParams.connParams.PYR->PYR_AMPA.weight     0.000022
netParams.connParams.PYR->PYR_NMDA.weight     0.000002
PYR                                           3.320000
BC                                           19.800000
OLM                                           2.370000
dtype: float64",3.32,19.8,2.37,0.4068000000000001,33.742241859436035,False,1,039744be,2023-07-30_22-56-33,1690772193,33.742241859436035,579944,node06,10.0.0.6,33.742241859436035,1,0.0003441851943181329,0.0017735428267223585,0.00025188256157700954,0.000709964106889528,2.1848291377240856e-05,2.1858016508799907e-06,"/ddn/jchen/dev/optimization/batchdir/ray_ses/bopt/objective_039744be_5_netParams_connParams_PYR-_BC_AMPA_weight=0.0003,netParams_connParams_PYR-_BC_NMDA_weight=0.0018,netParams_con_2023-07-30_22-55-59"
5,"netParams.connParams.PYR->BC_AMPA.weight      0.000399
netParams.connParams.PYR->BC_NMDA.weight      0.000925
netParams.connParams.PYR->OLM_AMPA.weight     0.000203
netParams.connParams.PYR->OLM_NMDA.weight     0.001014
netParams.connParams.PYR->PYR_AMPA.weight     0.000029
netParams.connParams.PYR->PYR_NMDA.weight     0.000005
PYR                                           3.500000
BC                                           16.600000
OLM                                           5.670000
dtype: float64",3.5,16.6,5.67,4.825199999999995,32.864710569381714,False,1,3d092592,2023-07-30_22-57-06,1690772226,32.864710569381714,579944,node06,10.0.0.6,32.864710569381714,1,0.0003987161466845178,0.0009253232906884623,0.00020341857347470064,0.001014219876077333,2.931264066149119e-05,5.233589392465845e-06,"/ddn/jchen/dev/optimization/batchdir/ray_ses/bopt/objective_3d092592_6_netParams_connParams_PYR-_BC_AMPA_weight=0.0004,netParams_connParams_PYR-_BC_NMDA_weight=0.0009,netParams_con_2023-07-30_22-56-33"
6,"netParams.connParams.PYR->BC_AMPA.weight      0.000290
netParams.connParams.PYR->BC_NMDA.weight      0.000825
netParams.connParams.PYR->OLM_AMPA.weight     0.000426
netParams.connParams.PYR->OLM_NMDA.weight     0.000658
netParams.connParams.PYR->PYR_AMPA.weight     0.000012
netParams.connParams.PYR->PYR_NMDA.weight     0.000004
PYR                                           3.690000
BC                                           16.200000
OLM                                           4.670000
dtype: float64",3.69,16.2,4.67,4.604166666666667,33.4128475189209,False,1,438c1267,2023-07-30_22-57-39,1690772259,33.4128475189209,579944,node06,10.0.0.6,33.4128475189209,1,0.00028966095690241344,0.0008247875173288097,0.00042632388954437646,0.0006581067456177209,1.2440764696895577e-05,3.980707640445081e-06,"/ddn/jchen/dev/optimization/batchdir/ray_ses/bopt/objective_438c1267_7_netParams_connParams_PYR-_BC_AMPA_weight=0.0003,netParams_connParams_PYR-_BC_NMDA_weight=0.0008,netParams_con_2023-07-30_22-57-06"
7,"netParams.connParams.PYR->BC_AMPA.weight      0.000192
netParams.connParams.PYR->BC_NMDA.weight      0.001945
netParams.connParams.PYR->OLM_AMPA.weight     0.000273
netParams.connParams.PYR->OLM_NMDA.weight     0.000814
netParams.connParams.PYR->PYR_AMPA.weight     0.000016
netParams.connParams.PYR->PYR_NMDA.weight     0.000004
PYR                                           2.960000
BC                                           17.700000
OLM                                           2.580000
dtype: float64",2.96,17.7,2.58,1.6455000000000002,34.7087676525116,False,1,ae729a4f,2023-07-30_22-58-14,1690772294,34.7087676525116,579944,node06,10.0.0.6,34.7087676525116,1,0.00019237986760147863,0.0019448621548687189,0.0002731607933760061,0.0008137655990477873,1.6234221521788222e-05,4.080272084711244e-06,"/ddn/jchen/dev/optimization/batchdir/ray_ses/bopt/objective_ae729a4f_8_netParams_connParams_PYR-_BC_AMPA_weight=0.0002,netParams_connParams_PYR-_BC_NMDA_weight=0.0019,netParams_con_2023-07-30_22-57-39"
8,"netParams.connParams.PYR->BC_AMPA.weight      0.000377
netParams.connParams.PYR->BC_NMDA.weight      0.000945
netParams.connParams.PYR->OLM_AMPA.weight     0.000529
netParams.connParams.PYR->OLM_NMDA.weight     0.000893
netParams.connParams.PYR->PYR_AMPA.weight     0.000029
netParams.connParams.PYR->PYR_NMDA.weight     0.000006
PYR                                           3.350000
BC                                           15.800000
OLM                                           5.550000
dtype: float64",3.35,15.8,5.55,6.512166666666662,33.50536131858826,False,1,e44468b4,2023-07-30_22-58-48,1690772328,33.50536131858826,579944,node06,10.0.0.6,33.50536131858826,1,0.00037681570056358063,0.0009450991486252272,0.0005290504659952411,0.0008925929763527801,2.8789978831283786e-05,5.579309401710595e-06,"/ddn/jchen/dev/optimization/batchdir/ray_ses/bopt/objective_e44468b4_9_netParams_connParams_PYR-_BC_AMPA_weight=0.0004,netParams_connParams_PYR-_BC_NMDA_weight=0.0009,netParams_con_2023-07-30_22-58-14"
9,"netParams.connParams.PYR->BC_AMPA.weight      0.000395
netParams.connParams.PYR->BC_NMDA.weight      0.001962
netParams.connParams.PYR->OLM_AMPA.weight     0.000212
netParams.connParams.PYR->OLM_NMDA.weight     0.000487
netParams.connParams.PYR->PYR_AMPA.weight     0.000011
netParams.connParams.PYR->PYR_NMDA.weight     0.000003
PYR                                           4.000000
BC                                           28.000000
OLM                                           1.890000
dtype: float64",4.0,28.0,1.89,23.94066666666667,35.680463790893555,False,1,8c0ee700,2023-07-30_22-59-24,1690772364,35.680463790893555,579944,node06,10.0.0.6,35.680463790893555,1,0.00039524399237199066,0.001962186444331901,0.00021185730073869103,0.00048718800369340165,1.0904545778210761e-05,3.3013213230530577e-06,"/ddn/jchen/dev/optimization/batchdir/ray_ses/bopt/objective_8c0ee700_10_netParams_connParams_PYR-_BC_AMPA_weight=0.0004,netParams_connParams_PYR-_BC_NMDA_weight=0.0020,netParams_co_2023-07-30_22-58-48"
10,"netParams.connParams.PYR->BC_AMPA.weight      0.000302
netParams.connParams.PYR->BC_NMDA.weight      0.002004
netParams.connParams.PYR->OLM_AMPA.weight     0.000446
netParams.connParams.PYR->OLM_NMDA.weight     0.000768
netParams.connParams.PYR->PYR_AMPA.weight     0.000028
netParams.connParams.PYR->PYR_NMDA.weight     0.000002
PYR                                           2.850000
BC                                           18.500000
OLM                                           2.750000
dtype: float64",2.85,18.5,2.75,0.7328333333333328,34.04490423202515,False,1,f6abf340,2023-07-30_22-59-58,1690772398,34.04490423202515,579944,node06,10.0.0.6,34.04490423202515,1,0.00030197645367221066,0.0020038461763618237,0.0004456539968395681,0.0007682004698013939,2.7617903210895056e-05,2.198423633397931e-06,"/ddn/jchen/dev/optimization/batchdir/ray_ses/bopt/objective_f6abf340_11_netParams_connParams_PYR-_BC_AMPA_weight=0.0003,netParams_connParams_PYR-_BC_NMDA_weight=0.0020,netParams_co_2023-07-30_22-59-24"
11,"netParams.connParams.PYR->BC_AMPA.weight      0.000298
netParams.connParams.PYR->BC_NMDA.weight      0.001616
netParams.connParams.PYR->OLM_AMPA.weight     0.000253
netParams.connParams.PYR->OLM_NMDA.weight     0.000873
netParams.connParams.PYR->PYR_AMPA.weight     0.000030
netParams.connParams.PYR->PYR_NMDA.weight     0.000002
PYR                                           2.960000
BC                                           19.000000
OLM                                           3.080000
dtype: float64",2.96,19.0,3.08,0.2621666666666664,33.21581506729126,False,1,cdb280a4,2023-07-30_23-00-32,1690772432,33.21581506729126,579944,node06,10.0.0.6,33.21581506729126,1,0.0002978317534889276,0.0016163114359641448,0.0002525065186390975,0.000873129913299265,3.0000000000000004e-05,2e-06,"/ddn/jchen/dev/optimization/batchdir/ray_ses/bopt/objective_cdb280a4_12_netParams_connParams_PYR-_BC_AMPA_weight=0.0003,netParams_connParams_PYR-_BC_NMDA_weight=0.0016,netParams_co_2023-07-30_22-59-58"
12,"netParams.connParams.PYR->BC_AMPA.weight      0.000271
netParams.connParams.PYR->BC_NMDA.weight      0.001597
netParams.connParams.PYR->OLM_AMPA.weight     0.000466
netParams.connParams.PYR->OLM_NMDA.weight     0.000697
netParams.connParams.PYR->PYR_AMPA.weight     0.000030
netParams.connParams.PYR->PYR_NMDA.weight     0.000002
PYR                                           3.040000
BC                                           17.500000
OLM                                           2.880000
dtype: float64",3.04,17.5,2.88,1.759366666666666,33.4612603187561,False,1,cfa7aa42,2023-07-30_23-01-05,1690772465,33.4612603187561,579944,node06,10.0.0.6,33.4612603187561,1,0.0002712013994074178,0.0015968617209113124,0.0004660325321990249,0.0006970419867306653,3.0000000000000004e-05,2e-06,"/ddn/jchen/dev/optimization/batchdir/ray_ses/bopt/objective_cfa7aa42_13_netParams_connParams_PYR-_BC_AMPA_weight=0.0003,netParams_connParams_PYR-_BC_NMDA_weight=0.0016,netParams_co_2023-07-30_23-00-32"
13,"netParams.connParams.PYR->BC_AMPA.weight      0.000540
netParams.connParams.PYR->BC_NMDA.weight      0.001683
netParams.connParams.PYR->OLM_AMPA.weight     0.000354
netParams.connParams.PYR->OLM_NMDA.weight     0.000882
netParams.connParams.PYR->PYR_AMPA.weight     0.000030
netParams.connParams.PYR->PYR_NMDA.weight     0.000002
PYR                                           2.830000
BC                                           17.800000
OLM                                           3.020000
dtype: float64",2.83,17.8,3.02,1.3575333333333317,36.55306434631348,False,1,b0449b47,2023-07-30_23-01-42,1690772502,36.55306434631348,579944,node06,10.0.0.6,36.55306434631348,1,0.00054,0.001683017766859508,0.0003541804949646895,0.0008821180765535617,3.0000000000000004e-05,2e-06,"/ddn/jchen/dev/optimization/batchdir/ray_ses/bopt/objective_b0449b47_14_netParams_connParams_PYR-_BC_AMPA_weight=0.0005,netParams_connParams_PYR-_BC_NMDA_weight=0.0017,netParams_co_2023-07-30_23-01-06"
14,"netParams.connParams.PYR->BC_AMPA.weight      0.000180
netParams.connParams.PYR->BC_NMDA.weight      0.002070
netParams.connParams.PYR->OLM_AMPA.weight     0.000540
netParams.connParams.PYR->OLM_NMDA.weight     0.000968
netParams.connParams.PYR->PYR_AMPA.weight     0.000030
netParams.connParams.PYR->PYR_NMDA.weight     0.000002
PYR                                           2.710000
BC                                           20.200000
OLM                                           4.000000
dtype: float64",2.71,20.2,4.0,0.3092666666666665,32.6014289855957,False,1,3620b464,2023-07-30_23-02-15,1690772535,32.6014289855957,579944,node06,10.0.0.6,32.6014289855957,1,0.00018,0.00207,0.00054,0.0009676837150757501,3.0000000000000004e-05,2e-06,"/ddn/jchen/dev/optimization/batchdir/ray_ses/bopt/objective_3620b464_15_netParams_connParams_PYR-_BC_AMPA_weight=0.0002,netParams_connParams_PYR-_BC_NMDA_weight=0.0021,netParams_co_2023-07-30_23-01-43"
15,"netParams.connParams.PYR->BC_AMPA.weight      0.000420
netParams.connParams.PYR->BC_NMDA.weight      0.001403
netParams.connParams.PYR->OLM_AMPA.weight     0.000189
netParams.connParams.PYR->OLM_NMDA.weight     0.000651
netParams.connParams.PYR->PYR_AMPA.weight     0.000030
netParams.connParams.PYR->PYR_NMDA.weight     0.000002
PYR                                           3.740000
BC                                           20.100000
OLM                                           2.600000
dtype: float64",3.74,20.1,2.6,0.3589666666666674,33.93573760986328,False,1,37339245,2023-07-30_23-02-50,1690772570,33.93573760986328,579944,node06,10.0.0.6,33.93573760986328,1,0.0004204173348737217,0.0014027815457136642,0.00018915871754489856,0.0006511414224195374,3.0000000000000004e-05,2e-06,"/ddn/jchen/dev/optimization/batchdir/ray_ses/bopt/objective_37339245_16_netParams_connParams_PYR-_BC_AMPA_weight=0.0004,netParams_connParams_PYR-_BC_NMDA_weight=0.0014,netParams_co_2023-07-30_23-02-16"
16,"netParams.connParams.PYR->BC_AMPA.weight      0.000180
netParams.connParams.PYR->BC_NMDA.weight      0.001273
netParams.connParams.PYR->OLM_AMPA.weight     0.000180
netParams.connParams.PYR->OLM_NMDA.weight     0.000458
netParams.connParams.PYR->PYR_AMPA.weight     0.000030
netParams.connParams.PYR->PYR_NMDA.weight     0.000002
PYR                                           4.720000
BC                                           23.900000
OLM                                           2.310000
dtype: float64",4.72,23.9,2.31,6.963333333333331,33.56940817832947,False,1,799efbce,2023-07-30_23-03-24,1690772604,33.56940817832947,579944,node06,10.0.0.6,33.56940817832947,1,0.00018,0.001273401861471938,0.00018,0.0004576277257488524,3.0000000000000004e-05,2e-06,"/ddn/jchen/dev/optimization/batchdir/ray_ses/bopt/objective_799efbce_17_netParams_connParams_PYR-_BC_AMPA_weight=0.0002,netParams_connParams_PYR-_BC_NMDA_weight=0.0013,netParams_co_2023-07-30_23-02-50"
17,"netParams.connParams.PYR->BC_AMPA.weight      0.000540
netParams.connParams.PYR->BC_NMDA.weight      0.001298
netParams.connParams.PYR->OLM_AMPA.weight     0.000436
netParams.connParams.PYR->OLM_NMDA.weight     0.000559
netParams.connParams.PYR->PYR_AMPA.weight     0.000010
netParams.connParams.PYR->PYR_NMDA.weight     0.000002
PYR                                           3.520000
BC                                           18.800000
OLM                                           2.850000
dtype: float64",3.52,18.8,2.85,0.4089333333333325,33.15780854225159,False,1,36645b4e,2023-07-30_23-03-57,1690772637,33.15780854225159,579944,node06,10.0.0.6,33.15780854225159,1,0.00054,0.001297960749369125,0.00043575133687079033,0.0005586397612910068,1e-05,2e-06,"/ddn/jchen/dev/optimization/batchdir/ray_ses/bopt/objective_36645b4e_18_netParams_connParams_PYR-_BC_AMPA_weight=0.0005,netParams_connParams_PYR-_BC_NMDA_weight=0.0013,netParams_co_2023-07-30_23-03-24"
18,"netParams.connParams.PYR->BC_AMPA.weight      0.000540
netParams.connParams.PYR->BC_NMDA.weight      0.001076
netParams.connParams.PYR->OLM_AMPA.weight     0.000540
netParams.connParams.PYR->OLM_NMDA.weight     0.000350
netParams.connParams.PYR->PYR_AMPA.weight     0.000010
netParams.connParams.PYR->PYR_NMDA.weight     0.000006
PYR                                           4.410000
BC                                           21.500000
OLM                                           2.400000
dtype: float64",4.41,21.5,2.4,1.843266666666668,33.81086087226868,False,1,a44798ef,2023-07-30_23-04-31,1690772671,33.81086087226868,579944,node06,10.0.0.6,33.81086087226868,1,0.00054,0.0010757267530126346,0.00054,0.00035,1e-05,6e-06,"/ddn/jchen/dev/optimization/batchdir/ray_ses/bopt/objective_a44798ef_19_netParams_connParams_PYR-_BC_AMPA_weight=0.0005,netParams_connParams_PYR-_BC_NMDA_weight=0.0011,netParams_co_2023-07-30_23-03-58"
19,"netParams.connParams.PYR->BC_AMPA.weight      0.000524
netParams.connParams.PYR->BC_NMDA.weight      0.001334
netParams.connParams.PYR->OLM_AMPA.weight     0.000329
netParams.connParams.PYR->OLM_NMDA.weight     0.000854
netParams.connParams.PYR->PYR_AMPA.weight     0.000027
netParams.connParams.PYR->PYR_NMDA.weight     0.000004
PYR                                           3.050000
BC                                           17.500000
OLM                                           3.540000
dtype: float64",3.05,17.5,3.54,1.6429999999999991,33.3834183216095,False,1,87022bfa,2023-07-30_23-05-05,1690772705,33.3834183216095,579944,node06,10.0.0.6,33.3834183216095,1,0.0005242048741113209,0.0013342420282072343,0.0003289715051016038,0.000854470672798513,2.744948621258199e-05,4.136240316229907e-06,"/ddn/jchen/dev/optimization/batchdir/ray_ses/bopt/objective_87022bfa_20_netParams_connParams_PYR-_BC_AMPA_weight=0.0005,netParams_connParams_PYR-_BC_NMDA_weight=0.0013,netParams_co_2023-07-30_23-04-32"
20,"netParams.connParams.PYR->BC_AMPA.weight      0.000381
netParams.connParams.PYR->BC_NMDA.weight      0.001847
netParams.connParams.PYR->OLM_AMPA.weight     0.000180
netParams.connParams.PYR->OLM_NMDA.weight     0.001050
netParams.connParams.PYR->PYR_AMPA.weight     0.000030
netParams.connParams.PYR->PYR_NMDA.weight     0.000002
PYR                                           2.760000
BC                                           15.800000
OLM                                           2.760000
dtype: float64",2.76,15.8,2.76,5.350166666666663,33.87576651573181,False,1,436f96dc,2023-07-30_23-05-39,1690772739,33.87576651573181,579944,node06,10.0.0.6,33.87576651573181,1,0.0003806747761485521,0.001846977624747179,0.00018,0.00105,3.0000000000000004e-05,2e-06,"/ddn/jchen/dev/optimization/batchdir/ray_ses/bopt/objective_436f96dc_21_netParams_connParams_PYR-_BC_AMPA_weight=0.0004,netParams_connParams_PYR-_BC_NMDA_weight=0.0018,netParams_co_2023-07-30_23-05-05"
21,"netParams.connParams.PYR->BC_AMPA.weight      0.000540
netParams.connParams.PYR->BC_NMDA.weight      0.001546
netParams.connParams.PYR->OLM_AMPA.weight     0.000345
netParams.connParams.PYR->OLM_NMDA.weight     0.000651
netParams.connParams.PYR->PYR_AMPA.weight     0.000010
netParams.connParams.PYR->PYR_NMDA.weight     0.000006
PYR                                           3.460000
BC                                           21.600000
OLM                                           3.400000
dtype: float64",3.46,21.6,3.4,1.2097666666666695,33.18167471885681,False,1,4a51ee7e,2023-07-30_23-06-13,1690772773,33.18167471885681,579944,node06,10.0.0.6,33.18167471885681,1,0.00054,0.0015455301407166211,0.0003450890065224244,0.0006511348158372567,1e-05,6e-06,"/ddn/jchen/dev/optimization/batchdir/ray_ses/bopt/objective_4a51ee7e_22_netParams_connParams_PYR-_BC_AMPA_weight=0.0005,netParams_connParams_PYR-_BC_NMDA_weight=0.0015,netParams_co_2023-07-30_23-05-40"
22,"netParams.connParams.PYR->BC_AMPA.weight      0.000180
netParams.connParams.PYR->BC_NMDA.weight      0.001554
netParams.connParams.PYR->OLM_AMPA.weight     0.000540
netParams.connParams.PYR->OLM_NMDA.weight     0.001050
netParams.connParams.PYR->PYR_AMPA.weight     0.000030
netParams.connParams.PYR->PYR_NMDA.weight     0.000002
PYR                                           2.540000
BC                                           15.600000
OLM                                           4.000000
dtype: float64",2.54,15.6,4.0,5.910299999999999,32.313947677612305,False,1,a34065bf,2023-07-30_23-06-45,1690772805,32.313947677612305,579944,node06,10.0.0.6,32.313947677612305,1,0.00018,0.0015541863595012703,0.00054,0.00105,3.0000000000000004e-05,2e-06,"/ddn/jchen/dev/optimization/batchdir/ray_ses/bopt/objective_a34065bf_23_netParams_connParams_PYR-_BC_AMPA_weight=0.0002,netParams_connParams_PYR-_BC_NMDA_weight=0.0016,netParams_co_2023-07-30_23-06-13"
23,"netParams.connParams.PYR->BC_AMPA.weight      0.000386
netParams.connParams.PYR->BC_NMDA.weight      0.001378
netParams.connParams.PYR->OLM_AMPA.weight     0.000540
netParams.connParams.PYR->OLM_NMDA.weight     0.000350
netParams.connParams.PYR->PYR_AMPA.weight     0.000030
netParams.connParams.PYR->PYR_NMDA.weight     0.000006
PYR                                           4.080000
BC                                           24.300000
OLM                                           2.340000
dtype: float64",4.08,24.3,2.34,7.661500000000005,33.30662751197815,False,1,bee76d85,2023-07-30_23-07-19,1690772839,33.30662751197815,579944,node06,10.0.0.6,33.30662751197815,1,0.00038648998242806604,0.0013775078514131943,0.00054,0.00035,3.0000000000000004e-05,6e-06,"/ddn/jchen/dev/optimization/batchdir/ray_ses/bopt/objective_bee76d85_24_netParams_connParams_PYR-_BC_AMPA_weight=0.0004,netParams_connParams_PYR-_BC_NMDA_weight=0.0014,netParams_co_2023-07-30_23-06-46"
24,"netParams.connParams.PYR->BC_AMPA.weight      0.000525
netParams.connParams.PYR->BC_NMDA.weight      0.001132
netParams.connParams.PYR->OLM_AMPA.weight     0.000246
netParams.connParams.PYR->OLM_NMDA.weight     0.000687
netParams.connParams.PYR->PYR_AMPA.weight     0.000015
netParams.connParams.PYR->PYR_NMDA.weight     0.000004
PYR                                           3.650000
BC                                           17.600000
OLM                                           3.450000
dtype: float64",3.65,17.6,3.45,1.5021666666666638,33.420740365982056,False,1,9bdcbaa0,2023-07-30_23-07-53,1690772873,33.420740365982056,579944,node06,10.0.0.6,33.420740365982056,1,0.0005245995438776127,0.0011320875683229154,0.00024586031511011984,0.0006868769226911806,1.4583362816218144e-05,3.5340612609758364e-06,"/ddn/jchen/dev/optimization/batchdir/ray_ses/bopt/objective_9bdcbaa0_25_netParams_connParams_PYR-_BC_AMPA_weight=0.0005,netParams_connParams_PYR-_BC_NMDA_weight=0.0011,netParams_co_2023-07-30_23-07-19"
25,"netParams.connParams.PYR->BC_AMPA.weight      0.000519
netParams.connParams.PYR->BC_NMDA.weight      0.000757
netParams.connParams.PYR->OLM_AMPA.weight     0.000530
netParams.connParams.PYR->OLM_NMDA.weight     0.000356
netParams.connParams.PYR->PYR_AMPA.weight     0.000015
netParams.connParams.PYR->PYR_NMDA.weight     0.000004
PYR                                           4.130000
BC                                           17.200000
OLM                                           3.650000
dtype: float64",4.13,17.2,3.65,2.302166666666667,33.00162220001221,False,1,7e3e7407,2023-07-30_23-08-26,1690772906,33.00162220001221,579944,node06,10.0.0.6,33.00162220001221,1,0.0005187246945835077,0.000757015699044769,0.0005297939997359733,0.00035623431439232015,1.4861748583565583e-05,4.0754328758476385e-06,"/ddn/jchen/dev/optimization/batchdir/ray_ses/bopt/objective_7e3e7407_26_netParams_connParams_PYR-_BC_AMPA_weight=0.0005,netParams_connParams_PYR-_BC_NMDA_weight=0.0008,netParams_co_2023-07-30_23-07-53"
26,"netParams.connParams.PYR->BC_AMPA.weight      0.000180
netParams.connParams.PYR->BC_NMDA.weight      0.002070
netParams.connParams.PYR->OLM_AMPA.weight     0.000540
netParams.connParams.PYR->OLM_NMDA.weight     0.000719
netParams.connParams.PYR->PYR_AMPA.weight     0.000030
netParams.connParams.PYR->PYR_NMDA.weight     0.000002
PYR                                           2.860000
BC                                           19.100000
OLM                                           2.580000
dtype: float64",2.86,19.1,2.58,0.4608333333333325,33.929840326309204,False,1,cbe9ac7f,2023-07-30_23-09-00,1690772940,33.929840326309204,579944,node06,10.0.0.6,33.929840326309204,1,0.00018,0.00207,0.00054,0.0007188214833522455,3.0000000000000004e-05,2e-06,"/ddn/jchen/dev/optimization/batchdir/ray_ses/bopt/objective_cbe9ac7f_27_netParams_connParams_PYR-_BC_AMPA_weight=0.0002,netParams_connParams_PYR-_BC_NMDA_weight=0.0021,netParams_co_2023-07-30_23-08-26"
27,"netParams.connParams.PYR->BC_AMPA.weight      0.000540
netParams.connParams.PYR->BC_NMDA.weight      0.000690
netParams.connParams.PYR->OLM_AMPA.weight     0.000180
netParams.connParams.PYR->OLM_NMDA.weight     0.000350
netParams.connParams.PYR->PYR_AMPA.weight     0.000030
netParams.connParams.PYR->PYR_NMDA.weight     0.000002
PYR                                           6.120000
BC                                           23.200000
OLM                                           2.400000
dtype: float64",6.12,23.2,2.4,7.0411,33.24035596847534,False,1,ab946a28,2023-07-30_23-09-34,1690772974,33.24035596847534,579944,node06,10.0.0.6,33.24035596847534,1,0.00054,0.00069,0.00018,0.00035,3.0000000000000004e-05,2e-06,"/ddn/jchen/dev/optimization/batchdir/ray_ses/bopt/objective_ab946a28_28_netParams_connParams_PYR-_BC_AMPA_weight=0.0005,netParams_connParams_PYR-_BC_NMDA_weight=0.0007,netParams_co_2023-07-30_23-09-01"
28,"netParams.connParams.PYR->BC_AMPA.weight      0.000180
netParams.connParams.PYR->BC_NMDA.weight      0.000895
netParams.connParams.PYR->OLM_AMPA.weight     0.000540
netParams.connParams.PYR->OLM_NMDA.weight     0.000350
netParams.connParams.PYR->PYR_AMPA.weight     0.000010
netParams.connParams.PYR->PYR_NMDA.weight     0.000006
PYR                                           4.460000
BC                                           18.700000
OLM                                           2.830000
dtype: float64",4.46,18.7,2.83,0.8880000000000002,33.793922662734985,False,1,21eca9ef,2023-07-30_23-10-08,1690773008,33.793922662734985,579944,node06,10.0.0.6,33.793922662734985,1,0.00018,0.0008950556415302334,0.00054,0.00035,1e-05,6e-06,"/ddn/jchen/dev/optimization/batchdir/ray_ses/bopt/objective_21eca9ef_29_netParams_connParams_PYR-_BC_AMPA_weight=0.0002,netParams_connParams_PYR-_BC_NMDA_weight=0.0009,netParams_co_2023-07-30_23-09-34"
29,"netParams.connParams.PYR->BC_AMPA.weight      0.000208
netParams.connParams.PYR->BC_NMDA.weight      0.001582
netParams.connParams.PYR->OLM_AMPA.weight     0.000194
netParams.connParams.PYR->OLM_NMDA.weight     0.000701
netParams.connParams.PYR->PYR_AMPA.weight     0.000026
netParams.connParams.PYR->PYR_NMDA.weight     0.000003
PYR                                           3.400000
BC                                           21.100000
OLM                                           2.980000
dtype: float64",3.4,21.1,2.98,0.7345666666666687,34.094805002212524,False,1,441b14c3,2023-07-30_23-10-42,1690773042,34.094805002212524,579944,node06,10.0.0.6,34.094805002212524,1,0.0002079882481444975,0.0015820251367102453,0.00019413943373256657,0.0007009786999098146,2.6179064318055643e-05,2.589080058340443e-06,"/ddn/jchen/dev/optimization/batchdir/ray_ses/bopt/objective_441b14c3_30_netParams_connParams_PYR-_BC_AMPA_weight=0.0002,netParams_connParams_PYR-_BC_NMDA_weight=0.0016,netParams_co_2023-07-30_23-10-08"
30,"netParams.connParams.PYR->BC_AMPA.weight      0.000540
netParams.connParams.PYR->BC_NMDA.weight      0.002070
netParams.connParams.PYR->OLM_AMPA.weight     0.000540
netParams.connParams.PYR->OLM_NMDA.weight     0.001050
netParams.connParams.PYR->PYR_AMPA.weight     0.000030
netParams.connParams.PYR->PYR_NMDA.weight     0.000006
PYR                                           2.310000
BC                                           15.400000
OLM                                           3.210000
dtype: float64",2.31,15.4,3.21,6.539499999999997,33.709712743759155,False,1,de050652,2023-07-30_23-11-16,1690773076,33.709712743759155,579944,node06,10.0.0.6,33.709712743759155,1,0.00054,0.00207,0.00054,0.00105,3.0000000000000004e-05,6e-06,"/ddn/jchen/dev/optimization/batchdir/ray_ses/bopt/objective_de050652_31_netParams_connParams_PYR-_BC_AMPA_weight=0.0005,netParams_connParams_PYR-_BC_NMDA_weight=0.0021,netParams_co_2023-07-30_23-10-43"
31,"netParams.connParams.PYR->BC_AMPA.weight      0.000540
netParams.connParams.PYR->BC_NMDA.weight      0.001244
netParams.connParams.PYR->OLM_AMPA.weight     0.000180
netParams.connParams.PYR->OLM_NMDA.weight     0.000415
netParams.connParams.PYR->PYR_AMPA.weight     0.000010
netParams.connParams.PYR->PYR_NMDA.weight     0.000002
PYR                                           5.080000
BC                                           26.600000
OLM                                           1.940000
dtype: float64",5.08,26.6,1.94,17.65950000000001,33.05271053314209,False,1,7dc7fea1,2023-07-30_23-11-50,1690773110,33.05271053314209,579944,node06,10.0.0.6,33.05271053314209,1,0.00054,0.0012444841698822627,0.00018,0.00041473097090687067,1e-05,2e-06,"/ddn/jchen/dev/optimization/batchdir/ray_ses/bopt/objective_7dc7fea1_32_netParams_connParams_PYR-_BC_AMPA_weight=0.0005,netParams_connParams_PYR-_BC_NMDA_weight=0.0012,netParams_co_2023-07-30_23-11-17"
32,"netParams.connParams.PYR->BC_AMPA.weight      0.000465
netParams.connParams.PYR->BC_NMDA.weight      0.001539
netParams.connParams.PYR->OLM_AMPA.weight     0.000182
netParams.connParams.PYR->OLM_NMDA.weight     0.000823
netParams.connParams.PYR->PYR_AMPA.weight     0.000020
netParams.connParams.PYR->PYR_NMDA.weight     0.000002
PYR                                           3.200000
BC                                           19.200000
OLM                                           3.460000
dtype: float64",3.2,19.2,3.46,0.0898999999999999,34.78784155845642,False,1,d1843208,2023-07-30_23-12-25,1690773145,34.78784155845642,579944,node06,10.0.0.6,34.78784155845642,1,0.0004653063222086459,0.0015394099839799295,0.0001817573395475867,0.0008232363113116284,2.028183480013919e-05,2.2189994924934455e-06,"/ddn/jchen/dev/optimization/batchdir/ray_ses/bopt/objective_d1843208_33_netParams_connParams_PYR-_BC_AMPA_weight=0.0005,netParams_connParams_PYR-_BC_NMDA_weight=0.0015,netParams_co_2023-07-30_23-11-50"
33,"netParams.connParams.PYR->BC_AMPA.weight      0.000353
netParams.connParams.PYR->BC_NMDA.weight      0.001288
netParams.connParams.PYR->OLM_AMPA.weight     0.000426
netParams.connParams.PYR->OLM_NMDA.weight     0.000701
netParams.connParams.PYR->PYR_AMPA.weight     0.000010
netParams.connParams.PYR->PYR_NMDA.weight     0.000002
PYR                                           3.160000
BC                                           17.000000
OLM                                           3.330000
dtype: float64",3.16,17.0,3.33,2.447333333333332,34.936453342437744,False,1,e1ea9688,2023-07-30_23-13-00,1690773180,34.936453342437744,579944,node06,10.0.0.6,34.936453342437744,1,0.00035258102748713993,0.0012883381744849935,0.00042586174073156537,0.0007005840783911271,1e-05,2e-06,"/ddn/jchen/dev/optimization/batchdir/ray_ses/bopt/objective_e1ea9688_34_netParams_connParams_PYR-_BC_AMPA_weight=0.0004,netParams_connParams_PYR-_BC_NMDA_weight=0.0013,netParams_co_2023-07-30_23-12-25"
34,"netParams.connParams.PYR->BC_AMPA.weight      0.000540
netParams.connParams.PYR->BC_NMDA.weight      0.001059
netParams.connParams.PYR->OLM_AMPA.weight     0.000494
netParams.connParams.PYR->OLM_NMDA.weight     0.000599
netParams.connParams.PYR->PYR_AMPA.weight     0.000030
netParams.connParams.PYR->PYR_NMDA.weight     0.000002
PYR                                           3.410000
BC                                           15.900000
OLM                                           2.980000
dtype: float64",3.41,15.9,2.98,4.894999999999997,34.49404191970825,False,1,aa5ae864,2023-07-30_23-13-35,1690773215,34.49404191970825,579944,node06,10.0.0.6,34.49404191970825,1,0.00054,0.0010591539665287845,0.0004937069651025591,0.0005989321697143214,3.0000000000000004e-05,2e-06,"/ddn/jchen/dev/optimization/batchdir/ray_ses/bopt/objective_aa5ae864_35_netParams_connParams_PYR-_BC_AMPA_weight=0.0005,netParams_connParams_PYR-_BC_NMDA_weight=0.0011,netParams_co_2023-07-30_23-13-01"
35,"netParams.connParams.PYR->BC_AMPA.weight      0.000273
netParams.connParams.PYR->BC_NMDA.weight      0.001401
netParams.connParams.PYR->OLM_AMPA.weight     0.000194
netParams.connParams.PYR->OLM_NMDA.weight     0.000847
netParams.connParams.PYR->PYR_AMPA.weight     0.000020
netParams.connParams.PYR->PYR_NMDA.weight     0.000005
PYR                                           3.410000
BC                                           19.400000
OLM                                           4.470000
dtype: float64",3.41,19.4,4.47,0.3649666666666665,35.166632890701294,False,1,88a535ea,2023-07-30_23-14-11,1690773251,35.166632890701294,579944,node06,10.0.0.6,35.166632890701294,1,0.0002727708202473116,0.001401066117814534,0.00019403860670908643,0.0008465618053509966,1.9694334482170092e-05,5.089945405955718e-06,"/ddn/jchen/dev/optimization/batchdir/ray_ses/bopt/objective_88a535ea_36_netParams_connParams_PYR-_BC_AMPA_weight=0.0003,netParams_connParams_PYR-_BC_NMDA_weight=0.0014,netParams_co_2023-07-30_23-13-36"
36,"netParams.connParams.PYR->BC_AMPA.weight      0.000274
netParams.connParams.PYR->BC_NMDA.weight      0.000904
netParams.connParams.PYR->OLM_AMPA.weight     0.000321
netParams.connParams.PYR->OLM_NMDA.weight     0.000350
netParams.connParams.PYR->PYR_AMPA.weight     0.000010
netParams.connParams.PYR->PYR_NMDA.weight     0.000006
PYR                                           5.340000
BC                                           23.200000
OLM                                           3.030000
dtype: float64",5.34,23.2,3.03,5.4812,33.73481035232544,False,1,e18198ea,2023-07-30_23-14-45,1690773285,33.73481035232544,579944,node06,10.0.0.6,33.73481035232544,1,0.0002741483035839306,0.0009039844368975477,0.00032063312082048845,0.00035,1e-05,6e-06,"/ddn/jchen/dev/optimization/batchdir/ray_ses/bopt/objective_e18198ea_37_netParams_connParams_PYR-_BC_AMPA_weight=0.0003,netParams_connParams_PYR-_BC_NMDA_weight=0.0009,netParams_co_2023-07-30_23-14-11"
37,"netParams.connParams.PYR->BC_AMPA.weight      0.000404
netParams.connParams.PYR->BC_NMDA.weight      0.001509
netParams.connParams.PYR->OLM_AMPA.weight     0.000333
netParams.connParams.PYR->OLM_NMDA.weight     0.000784
netParams.connParams.PYR->PYR_AMPA.weight     0.000028
netParams.connParams.PYR->PYR_NMDA.weight     0.000003
PYR                                           3.120000
BC                                           19.600000
OLM                                           3.370000
dtype: float64",3.12,19.6,3.37,0.0227999999999998,33.389384269714355,False,1,1bf31761,2023-07-30_23-15-19,1690773319,33.389384269714355,579944,node06,10.0.0.6,33.389384269714355,1,0.00040444171180500455,0.0015090741253468163,0.00033324767781547313,0.0007843398973655126,2.7548781146079455e-05,2.500083934412232e-06,"/ddn/jchen/dev/optimization/batchdir/ray_ses/bopt/objective_1bf31761_38_netParams_connParams_PYR-_BC_AMPA_weight=0.0004,netParams_connParams_PYR-_BC_NMDA_weight=0.0015,netParams_co_2023-07-30_23-14-45"
38,"netParams.connParams.PYR->BC_AMPA.weight      0.000189
netParams.connParams.PYR->BC_NMDA.weight      0.001833
netParams.connParams.PYR->OLM_AMPA.weight     0.000531
netParams.connParams.PYR->OLM_NMDA.weight     0.000662
netParams.connParams.PYR->PYR_AMPA.weight     0.000025
netParams.connParams.PYR->PYR_NMDA.weight     0.000005
PYR                                           3.020000
BC                                           17.500000
OLM                                           2.440000
dtype: float64",3.02,17.5,2.44,2.001099999999999,33.8466100692749,False,1,96cf119f,2023-07-30_23-15-53,1690773353,33.8466100692749,579944,node06,10.0.0.6,33.8466100692749,1,0.00018862191102350298,0.0018329744534690655,0.0005312046866936212,0.0006619313555125436,2.467746338151159e-05,4.688911905544019e-06,"/ddn/jchen/dev/optimization/batchdir/ray_ses/bopt/objective_96cf119f_39_netParams_connParams_PYR-_BC_AMPA_weight=0.0002,netParams_connParams_PYR-_BC_NMDA_weight=0.0018,netParams_co_2023-07-30_23-15-19"
39,"netParams.connParams.PYR->BC_AMPA.weight      0.000540
netParams.connParams.PYR->BC_NMDA.weight      0.001430
netParams.connParams.PYR->OLM_AMPA.weight     0.000540
netParams.connParams.PYR->OLM_NMDA.weight     0.000714
netParams.connParams.PYR->PYR_AMPA.weight     0.000030
netParams.connParams.PYR->PYR_NMDA.weight     0.000002
PYR                                           3.310000
BC                                           20.300000
OLM                                           4.300000
dtype: float64",3.31,20.3,4.3,0.3499333333333337,34.114304304122925,False,1,dfe95950,2023-07-30_23-16-27,1690773387,34.114304304122925,579944,node06,10.0.0.6,34.114304304122925,1,0.00054,0.001429832325636171,0.00054,0.0007136497574058622,3.0000000000000004e-05,2e-06,"/ddn/jchen/dev/optimization/batchdir/ray_ses/bopt/objective_dfe95950_40_netParams_connParams_PYR-_BC_AMPA_weight=0.0005,netParams_connParams_PYR-_BC_NMDA_weight=0.0014,netParams_co_2023-07-30_23-15-53"
40,"netParams.connParams.PYR->BC_AMPA.weight      0.000180
netParams.connParams.PYR->BC_NMDA.weight      0.001084
netParams.connParams.PYR->OLM_AMPA.weight     0.000540
netParams.connParams.PYR->OLM_NMDA.weight     0.000510
netParams.connParams.PYR->PYR_AMPA.weight     0.000030
netParams.connParams.PYR->PYR_NMDA.weight     0.000002
PYR                                           3.830000
BC                                           20.200000
OLM                                           4.400000
dtype: float64",3.83,20.2,4.4,0.4516666666666668,33.680055379867554,False,1,08351625,2023-07-30_23-17-01,1690773421,33.680055379867554,579944,node06,10.0.0.6,33.680055379867554,1,0.00018,0.0010837770650994017,0.00054,0.0005095420997527154,3.0000000000000004e-05,2e-06,"/ddn/jchen/dev/optimization/batchdir/ray_ses/bopt/objective_08351625_41_netParams_connParams_PYR-_BC_AMPA_weight=0.0002,netParams_connParams_PYR-_BC_NMDA_weight=0.0011,netParams_co_2023-07-30_23-16-28"
41,"netParams.connParams.PYR->BC_AMPA.weight      0.000180
netParams.connParams.PYR->BC_NMDA.weight      0.001246
netParams.connParams.PYR->OLM_AMPA.weight     0.000180
netParams.connParams.PYR->OLM_NMDA.weight     0.001050
netParams.connParams.PYR->PYR_AMPA.weight     0.000010
netParams.connParams.PYR->PYR_NMDA.weight     0.000002
PYR                                           2.980000
BC                                           17.000000
OLM                                           3.790000
dtype: float64",2.98,17.0,3.79,2.507333333333332,32.91527080535889,False,1,2c929fe8,2023-07-30_23-17-35,1690773455,32.91527080535889,579944,node06,10.0.0.6,32.91527080535889,1,0.00018,0.0012460356932151807,0.00018,0.00105,1e-05,2e-06,"/ddn/jchen/dev/optimization/batchdir/ray_ses/bopt/objective_2c929fe8_42_netParams_connParams_PYR-_BC_AMPA_weight=0.0002,netParams_connParams_PYR-_BC_NMDA_weight=0.0012,netParams_co_2023-07-30_23-17-02"
42,"netParams.connParams.PYR->BC_AMPA.weight      0.000180
netParams.connParams.PYR->BC_NMDA.weight      0.002070
netParams.connParams.PYR->OLM_AMPA.weight     0.000315
netParams.connParams.PYR->OLM_NMDA.weight     0.001050
netParams.connParams.PYR->PYR_AMPA.weight     0.000030
netParams.connParams.PYR->PYR_NMDA.weight     0.000006
PYR                                           2.610000
BC                                           19.500000
OLM                                           3.650000
dtype: float64",2.61,19.5,3.65,0.2017666666666665,32.59684896469116,False,1,8dd6ec9f,2023-07-30_23-18-08,1690773488,32.59684896469116,579944,node06,10.0.0.6,32.59684896469116,1,0.00018,0.00207,0.00031485389992432004,0.00105,3.0000000000000004e-05,6e-06,"/ddn/jchen/dev/optimization/batchdir/ray_ses/bopt/objective_8dd6ec9f_43_netParams_connParams_PYR-_BC_AMPA_weight=0.0002,netParams_connParams_PYR-_BC_NMDA_weight=0.0021,netParams_co_2023-07-30_23-17-35"
43,"netParams.connParams.PYR->BC_AMPA.weight      0.000540
netParams.connParams.PYR->BC_NMDA.weight      0.001467
netParams.connParams.PYR->OLM_AMPA.weight     0.000540
netParams.connParams.PYR->OLM_NMDA.weight     0.001050
netParams.connParams.PYR->PYR_AMPA.weight     0.000010
netParams.connParams.PYR->PYR_NMDA.weight     0.000006
PYR                                           2.990000
BC                                           19.400000
OLM                                           5.360000
dtype: float64",2.99,19.4,5.36,1.2615333333333336,33.04389977455139,False,1,95220314,2023-07-30_23-18-41,1690773521,33.04389977455139,579944,node06,10.0.0.6,33.04389977455139,1,0.00054,0.0014673285683362322,0.00054,0.00105,1e-05,6e-06,"/ddn/jchen/dev/optimization/batchdir/ray_ses/bopt/objective_95220314_44_netParams_connParams_PYR-_BC_AMPA_weight=0.0005,netParams_connParams_PYR-_BC_NMDA_weight=0.0015,netParams_co_2023-07-30_23-18-08"
44,"netParams.connParams.PYR->BC_AMPA.weight      0.000475
netParams.connParams.PYR->BC_NMDA.weight      0.001387
netParams.connParams.PYR->OLM_AMPA.weight     0.000211
netParams.connParams.PYR->OLM_NMDA.weight     0.001035
netParams.connParams.PYR->PYR_AMPA.weight     0.000017
netParams.connParams.PYR->PYR_NMDA.weight     0.000005
PYR                                           3.120000
BC                                           18.400000
OLM                                           4.790000
dtype: float64",3.12,18.4,4.79,1.160266666666667,33.04245638847351,False,1,b9d07536,2023-07-30_23-19-15,1690773555,33.04245638847351,579944,node06,10.0.0.6,33.04245638847351,1,0.000474715299747399,0.0013874739055220256,0.0002105219394470132,0.001035494001408125,1.6967406339354324e-05,5.396434397044977e-06,"/ddn/jchen/dev/optimization/batchdir/ray_ses/bopt/objective_b9d07536_45_netParams_connParams_PYR-_BC_AMPA_weight=0.0005,netParams_connParams_PYR-_BC_NMDA_weight=0.0014,netParams_co_2023-07-30_23-18-41"
45,"netParams.connParams.PYR->BC_AMPA.weight      0.000540
netParams.connParams.PYR->BC_NMDA.weight      0.000869
netParams.connParams.PYR->OLM_AMPA.weight     0.000180
netParams.connParams.PYR->OLM_NMDA.weight     0.000689
netParams.connParams.PYR->PYR_AMPA.weight     0.000010
netParams.connParams.PYR->PYR_NMDA.weight     0.000006
PYR                                           3.650000
BC                                           16.800000
OLM                                           3.020000
dtype: float64",3.65,16.8,3.02,2.902866666666664,33.89249134063721,False,1,2a5ea4d6,2023-07-30_23-19-49,1690773589,33.89249134063721,579944,node06,10.0.0.6,33.89249134063721,1,0.00054,0.0008685073023825863,0.00018,0.0006891711076515803,1e-05,6e-06,"/ddn/jchen/dev/optimization/batchdir/ray_ses/bopt/objective_2a5ea4d6_46_netParams_connParams_PYR-_BC_AMPA_weight=0.0005,netParams_connParams_PYR-_BC_NMDA_weight=0.0009,netParams_co_2023-07-30_23-19-15"
46,"netParams.connParams.PYR->BC_AMPA.weight      0.000273
netParams.connParams.PYR->BC_NMDA.weight      0.001129
netParams.connParams.PYR->OLM_AMPA.weight     0.000180
netParams.connParams.PYR->OLM_NMDA.weight     0.000765
netParams.connParams.PYR->PYR_AMPA.weight     0.000010
netParams.connParams.PYR->PYR_NMDA.weight     0.000006
PYR                                           3.960000
BC                                           21.500000
OLM                                           4.600000
dtype: float64",3.96,21.5,4.6,1.6337666666666673,35.46457362174988,False,1,a4f5cb84,2023-07-30_23-20-25,1690773625,35.46457362174988,579944,node06,10.0.0.6,35.46457362174988,1,0.00027284102987083753,0.001129466024873727,0.00018,0.0007653499458962235,1e-05,6e-06,"/ddn/jchen/dev/optimization/batchdir/ray_ses/bopt/objective_a4f5cb84_47_netParams_connParams_PYR-_BC_AMPA_weight=0.0003,netParams_connParams_PYR-_BC_NMDA_weight=0.0011,netParams_co_2023-07-30_23-19-49"
47,"netParams.connParams.PYR->BC_AMPA.weight      0.000180
netParams.connParams.PYR->BC_NMDA.weight      0.000690
netParams.connParams.PYR->OLM_AMPA.weight     0.000180
netParams.connParams.PYR->OLM_NMDA.weight     0.001050
netParams.connParams.PYR->PYR_AMPA.weight     0.000010
netParams.connParams.PYR->PYR_NMDA.weight     0.000006
PYR                                           4.420000
BC                                           17.600000
OLM                                           7.520000
dtype: float64",4.42,17.6,7.52,7.326299999999995,32.11091470718384,False,1,893f7b99,2023-07-30_23-20-57,1690773657,32.11091470718384,579944,node06,10.0.0.6,32.11091470718384,1,0.00018,0.00069,0.00018,0.00105,1e-05,6e-06,"/ddn/jchen/dev/optimization/batchdir/ray_ses/bopt/objective_893f7b99_48_netParams_connParams_PYR-_BC_AMPA_weight=0.0002,netParams_connParams_PYR-_BC_NMDA_weight=0.0007,netParams_co_2023-07-30_23-20-25"
48,"netParams.connParams.PYR->BC_AMPA.weight      0.000540
netParams.connParams.PYR->BC_NMDA.weight      0.001692
netParams.connParams.PYR->OLM_AMPA.weight     0.000540
netParams.connParams.PYR->OLM_NMDA.weight     0.000735
netParams.connParams.PYR->PYR_AMPA.weight     0.000030
netParams.connParams.PYR->PYR_NMDA.weight     0.000002
PYR                                           2.830000
BC                                           16.700000
OLM                                           2.900000
dtype: float64",2.83,16.7,2.9,3.195,33.53216576576233,False,1,e99595ac,2023-07-30_23-21-31,1690773691,33.53216576576233,579944,node06,10.0.0.6,33.53216576576233,1,0.00054,0.0016919582112740817,0.00054,0.0007352586950860725,3.0000000000000004e-05,2e-06,"/ddn/jchen/dev/optimization/batchdir/ray_ses/bopt/objective_e99595ac_49_netParams_connParams_PYR-_BC_AMPA_weight=0.0005,netParams_connParams_PYR-_BC_NMDA_weight=0.0017,netParams_co_2023-07-30_23-20-57"
49,"netParams.connParams.PYR->BC_AMPA.weight      0.000180
netParams.connParams.PYR->BC_NMDA.weight      0.002070
netParams.connParams.PYR->OLM_AMPA.weight     0.000398
netParams.connParams.PYR->OLM_NMDA.weight     0.000860
netParams.connParams.PYR->PYR_AMPA.weight     0.000030
netParams.connParams.PYR->PYR_NMDA.weight     0.000002
PYR                                           2.780000
BC                                           18.400000
OLM                                           2.660000
dtype: float64",2.78,18.4,2.66,0.8865666666666673,33.70816373825073,False,1,9ae1ebd0,2023-07-30_23-22-05,1690773725,33.70816373825073,579944,node06,10.0.0.6,33.70816373825073,1,0.00018,0.00207,0.00039814412016922165,0.0008598684491242422,3.0000000000000004e-05,2e-06,"/ddn/jchen/dev/optimization/batchdir/ray_ses/bopt/objective_9ae1ebd0_50_netParams_connParams_PYR-_BC_AMPA_weight=0.0002,netParams_connParams_PYR-_BC_NMDA_weight=0.0021,netParams_co_2023-07-30_23-21-31"
50,"netParams.connParams.PYR->BC_AMPA.weight      0.000540
netParams.connParams.PYR->BC_NMDA.weight      0.001167
netParams.connParams.PYR->OLM_AMPA.weight     0.000180
netParams.connParams.PYR->OLM_NMDA.weight     0.001050
netParams.connParams.PYR->PYR_AMPA.weight     0.000010
netParams.connParams.PYR->PYR_NMDA.weight     0.000006
PYR                                           3.310000
BC                                           16.900000
OLM                                           4.200000
dtype: float64",3.31,16.9,4.2,2.7912666666666683,32.82406449317932,False,1,40951fda,2023-07-30_23-22-38,1690773758,32.82406449317932,579944,node06,10.0.0.6,32.82406449317932,1,0.00054,0.001167306436892906,0.00018,0.00105,1e-05,6e-06,"/ddn/jchen/dev/optimization/batchdir/ray_ses/bopt/objective_40951fda_51_netParams_connParams_PYR-_BC_AMPA_weight=0.0005,netParams_connParams_PYR-_BC_NMDA_weight=0.0012,netParams_co_2023-07-30_23-22-05"
51,"netParams.connParams.PYR->BC_AMPA.weight      0.000540
netParams.connParams.PYR->BC_NMDA.weight      0.000690
netParams.connParams.PYR->OLM_AMPA.weight     0.000540
netParams.connParams.PYR->OLM_NMDA.weight     0.001050
netParams.connParams.PYR->PYR_AMPA.weight     0.000010
netParams.connParams.PYR->PYR_NMDA.weight     0.000002
PYR                                           4.040000
BC                                           16.500000
OLM                                           7.700000
dtype: float64",4.04,16.5,7.7,9.540966666666668,31.87797474861145,False,1,7a3d9b1e,2023-07-30_23-23-10,1690773790,31.87797474861145,579944,node06,10.0.0.6,31.87797474861145,1,0.00054,0.00069,0.00054,0.00105,1e-05,2e-06,"/ddn/jchen/dev/optimization/batchdir/ray_ses/bopt/objective_7a3d9b1e_52_netParams_connParams_PYR-_BC_AMPA_weight=0.0005,netParams_connParams_PYR-_BC_NMDA_weight=0.0007,netParams_co_2023-07-30_23-22-38"
52,"netParams.connParams.PYR->BC_AMPA.weight      0.000180
netParams.connParams.PYR->BC_NMDA.weight      0.001885
netParams.connParams.PYR->OLM_AMPA.weight     0.000540
netParams.connParams.PYR->OLM_NMDA.weight     0.001050
netParams.connParams.PYR->PYR_AMPA.weight     0.000030
netParams.connParams.PYR->PYR_NMDA.weight     0.000002
PYR                                           2.360000
BC                                           14.600000
OLM                                           2.920000
dtype: float64",2.36,14.6,2.92,9.090966666666668,34.67641234397888,False,1,4d217669,2023-07-30_23-23-45,1690773825,34.67641234397888,579944,node06,10.0.0.6,34.67641234397888,1,0.00018,0.0018854270598745088,0.00054,0.00105,3.0000000000000004e-05,2e-06,"/ddn/jchen/dev/optimization/batchdir/ray_ses/bopt/objective_4d217669_53_netParams_connParams_PYR-_BC_AMPA_weight=0.0002,netParams_connParams_PYR-_BC_NMDA_weight=0.0019,netParams_co_2023-07-30_23-23-11"
53,"netParams.connParams.PYR->BC_AMPA.weight      0.000184
netParams.connParams.PYR->BC_NMDA.weight      0.001726
netParams.connParams.PYR->OLM_AMPA.weight     0.000299
netParams.connParams.PYR->OLM_NMDA.weight     0.000776
netParams.connParams.PYR->PYR_AMPA.weight     0.000019
netParams.connParams.PYR->PYR_NMDA.weight     0.000002
PYR                                           3.050000
BC                                           16.900000
OLM                                           2.980000
dtype: float64",3.05,16.9,2.98,2.7214000000000014,33.656625509262085,False,1,5ef02148,2023-07-30_23-24-19,1690773859,33.656625509262085,579944,node06,10.0.0.6,33.656625509262085,1,0.00018379922123759504,0.0017263913376755905,0.0002990634476759462,0.0007760111538787212,1.938282580514212e-05,2.1730328233024424e-06,"/ddn/jchen/dev/optimization/batchdir/ray_ses/bopt/objective_5ef02148_54_netParams_connParams_PYR-_BC_AMPA_weight=0.0002,netParams_connParams_PYR-_BC_NMDA_weight=0.0017,netParams_co_2023-07-30_23-23-46"
54,"netParams.connParams.PYR->BC_AMPA.weight      0.000388
netParams.connParams.PYR->BC_NMDA.weight      0.001604
netParams.connParams.PYR->OLM_AMPA.weight     0.000180
netParams.connParams.PYR->OLM_NMDA.weight     0.000685
netParams.connParams.PYR->PYR_AMPA.weight     0.000030
netParams.connParams.PYR->PYR_NMDA.weight     0.000006
PYR                                           3.450000
BC                                           19.700000
OLM                                           2.610000
dtype: float64",3.45,19.7,2.61,0.2505666666666669,33.09080171585083,False,1,3f7b8c86,2023-07-30_23-24-53,1690773893,33.09080171585083,579944,node06,10.0.0.6,33.09080171585083,1,0.000387854199900864,0.001604384954975942,0.00018,0.0006847991719002406,3.0000000000000004e-05,6e-06,"/ddn/jchen/dev/optimization/batchdir/ray_ses/bopt/objective_3f7b8c86_55_netParams_connParams_PYR-_BC_AMPA_weight=0.0004,netParams_connParams_PYR-_BC_NMDA_weight=0.0016,netParams_co_2023-07-30_23-24-20"
55,"netParams.connParams.PYR->BC_AMPA.weight      0.000180
netParams.connParams.PYR->BC_NMDA.weight      0.000690
netParams.connParams.PYR->OLM_AMPA.weight     0.000540
netParams.connParams.PYR->OLM_NMDA.weight     0.000350
netParams.connParams.PYR->PYR_AMPA.weight     0.000030
netParams.connParams.PYR->PYR_NMDA.weight     0.000002
PYR                                           4.910000
BC                                           19.600000
OLM                                           5.620000
dtype: float64",4.91,19.6,5.62,2.3658,33.29484224319458,False,1,28a4008c,2023-07-30_23-25-26,1690773926,33.29484224319458,579944,node06,10.0.0.6,33.29484224319458,1,0.00018,0.00069,0.00054,0.00035,3.0000000000000004e-05,2e-06,"/ddn/jchen/dev/optimization/batchdir/ray_ses/bopt/objective_28a4008c_56_netParams_connParams_PYR-_BC_AMPA_weight=0.0002,netParams_connParams_PYR-_BC_NMDA_weight=0.0007,netParams_co_2023-07-30_23-24-53"
56,"netParams.connParams.PYR->BC_AMPA.weight      0.000353
netParams.connParams.PYR->BC_NMDA.weight      0.000978
netParams.connParams.PYR->OLM_AMPA.weight     0.000540
netParams.connParams.PYR->OLM_NMDA.weight     0.000408
netParams.connParams.PYR->PYR_AMPA.weight     0.000030
netParams.connParams.PYR->PYR_NMDA.weight     0.000002
PYR                                           4.160000
BC                                           19.200000
OLM                                           3.220000
dtype: float64",4.16,19.2,3.22,0.3283000000000001,34.37539505958557,False,1,87bf630a,2023-07-30_23-26-01,1690773961,34.37539505958557,579944,node06,10.0.0.6,34.37539505958557,1,0.0003526142296389352,0.0009778267801762975,0.00054,0.0004075179265623629,3.0000000000000004e-05,2e-06,"/ddn/jchen/dev/optimization/batchdir/ray_ses/bopt/objective_87bf630a_57_netParams_connParams_PYR-_BC_AMPA_weight=0.0004,netParams_connParams_PYR-_BC_NMDA_weight=0.0010,netParams_co_2023-07-30_23-25-27"
57,"netParams.connParams.PYR->BC_AMPA.weight      0.000180
netParams.connParams.PYR->BC_NMDA.weight      0.001519
netParams.connParams.PYR->OLM_AMPA.weight     0.000180
netParams.connParams.PYR->OLM_NMDA.weight     0.001050
netParams.connParams.PYR->PYR_AMPA.weight     0.000030
netParams.connParams.PYR->PYR_NMDA.weight     0.000002
PYR                                           3.450000
BC                                           22.600000
OLM                                           5.920000
dtype: float64",3.45,22.6,5.92,4.808200000000004,33.36529040336609,False,1,3be1358f,2023-07-30_23-26-35,1690773995,33.36529040336609,579944,node06,10.0.0.6,33.36529040336609,1,0.00018,0.0015188152973340723,0.00018,0.00105,3.0000000000000004e-05,2e-06,"/ddn/jchen/dev/optimization/batchdir/ray_ses/bopt/objective_3be1358f_58_netParams_connParams_PYR-_BC_AMPA_weight=0.0002,netParams_connParams_PYR-_BC_NMDA_weight=0.0015,netParams_co_2023-07-30_23-26-02"
58,"netParams.connParams.PYR->BC_AMPA.weight      0.000540
netParams.connParams.PYR->BC_NMDA.weight      0.001228
netParams.connParams.PYR->OLM_AMPA.weight     0.000540
netParams.connParams.PYR->OLM_NMDA.weight     0.001050
netParams.connParams.PYR->PYR_AMPA.weight     0.000010
netParams.connParams.PYR->PYR_NMDA.weight     0.000006
PYR                                           2.780000
BC                                           15.700000
OLM                                           4.370000
dtype: float64",2.78,15.7,4.37,5.707866666666667,32.372583866119385,False,1,ee70fa58,2023-07-30_23-27-08,1690774028,32.372583866119385,579944,node06,10.0.0.6,32.372583866119385,1,0.00054,0.001227551364303112,0.00054,0.00105,1e-05,6e-06,"/ddn/jchen/dev/optimization/batchdir/ray_ses/bopt/objective_ee70fa58_59_netParams_connParams_PYR-_BC_AMPA_weight=0.0005,netParams_connParams_PYR-_BC_NMDA_weight=0.0012,netParams_co_2023-07-30_23-26-35"
59,"netParams.connParams.PYR->BC_AMPA.weight      0.000417
netParams.connParams.PYR->BC_NMDA.weight      0.001288
netParams.connParams.PYR->OLM_AMPA.weight     0.000182
netParams.connParams.PYR->OLM_NMDA.weight     0.000798
netParams.connParams.PYR->PYR_AMPA.weight     0.000014
netParams.connParams.PYR->PYR_NMDA.weight     0.000005
PYR                                           3.370000
BC                                           18.800000
OLM                                           3.440000
dtype: float64",3.37,18.8,3.44,0.2705999999999991,33.488826751708984,False,1,ad9f4a19,2023-07-30_23-27-42,1690774062,33.488826751708984,579944,node06,10.0.0.6,33.488826751708984,1,0.000417026169176984,0.001288359755524156,0.00018152250188005579,0.0007983234249229731,1.4108084742480585e-05,5.11674741882589e-06,"/ddn/jchen/dev/optimization/batchdir/ray_ses/bopt/objective_ad9f4a19_60_netParams_connParams_PYR-_BC_AMPA_weight=0.0004,netParams_connParams_PYR-_BC_NMDA_weight=0.0013,netParams_co_2023-07-30_23-27-08"
60,"netParams.connParams.PYR->BC_AMPA.weight      0.000540
netParams.connParams.PYR->BC_NMDA.weight      0.001557
netParams.connParams.PYR->OLM_AMPA.weight     0.000322
netParams.connParams.PYR->OLM_NMDA.weight     0.001050
netParams.connParams.PYR->PYR_AMPA.weight     0.000030
netParams.connParams.PYR->PYR_NMDA.weight     0.000006
PYR                                           3.190000
BC                                           21.300000
OLM                                           5.750000
dtype: float64",3.19,21.3,5.75,2.593633333333335,32.99230360984802,False,1,7ad48705,2023-07-30_23-28-15,1690774095,32.99230360984802,579944,node06,10.0.0.6,32.99230360984802,1,0.00054,0.0015568379906744834,0.00032180830857015546,0.00105,3.0000000000000004e-05,6e-06,"/ddn/jchen/dev/optimization/batchdir/ray_ses/bopt/objective_7ad48705_61_netParams_connParams_PYR-_BC_AMPA_weight=0.0005,netParams_connParams_PYR-_BC_NMDA_weight=0.0016,netParams_co_2023-07-30_23-27-42"
61,"netParams.connParams.PYR->BC_AMPA.weight      0.000180
netParams.connParams.PYR->BC_NMDA.weight      0.001191
netParams.connParams.PYR->OLM_AMPA.weight     0.000540
netParams.connParams.PYR->OLM_NMDA.weight     0.001050
netParams.connParams.PYR->PYR_AMPA.weight     0.000030
netParams.connParams.PYR->PYR_NMDA.weight     0.000002
PYR                                           3.180000
BC                                           17.400000
OLM                                           5.660000
dtype: float64",3.18,17.4,5.66,3.370566666666668,32.77543234825134,False,1,b166fa11,2023-07-30_23-28-48,1690774128,32.77543234825134,579944,node06,10.0.0.6,32.77543234825134,1,0.00018,0.001191175892072454,0.00054,0.00105,3.0000000000000004e-05,2e-06,"/ddn/jchen/dev/optimization/batchdir/ray_ses/bopt/objective_b166fa11_62_netParams_connParams_PYR-_BC_AMPA_weight=0.0002,netParams_connParams_PYR-_BC_NMDA_weight=0.0012,netParams_co_2023-07-30_23-28-16"
62,"netParams.connParams.PYR->BC_AMPA.weight      0.000415
netParams.connParams.PYR->BC_NMDA.weight      0.001732
netParams.connParams.PYR->OLM_AMPA.weight     0.000180
netParams.connParams.PYR->OLM_NMDA.weight     0.000824
netParams.connParams.PYR->PYR_AMPA.weight     0.000030
netParams.connParams.PYR->PYR_NMDA.weight     0.000006
PYR                                           3.140000
BC                                           17.500000
OLM                                           2.510000
dtype: float64",3.14,17.5,2.51,1.933866666666666,33.767035722732544,False,1,17e9e1f0,2023-07-30_23-29-23,1690774163,33.767035722732544,579944,node06,10.0.0.6,33.767035722732544,1,0.0004146836306313213,0.0017321245630022482,0.00018,0.0008244265948026792,3.0000000000000004e-05,6e-06,"/ddn/jchen/dev/optimization/batchdir/ray_ses/bopt/objective_17e9e1f0_63_netParams_connParams_PYR-_BC_AMPA_weight=0.0004,netParams_connParams_PYR-_BC_NMDA_weight=0.0017,netParams_co_2023-07-30_23-28-49"
63,"netParams.connParams.PYR->BC_AMPA.weight      0.000203
netParams.connParams.PYR->BC_NMDA.weight      0.001132
netParams.connParams.PYR->OLM_AMPA.weight     0.000522
netParams.connParams.PYR->OLM_NMDA.weight     0.000353
netParams.connParams.PYR->PYR_AMPA.weight     0.000029
netParams.connParams.PYR->PYR_NMDA.weight     0.000003
PYR                                           4.210000
BC                                           20.700000
OLM                                           2.980000
dtype: float64",4.21,20.7,2.98,0.6656666666666669,33.35520792007446,False,1,c096f69e,2023-07-30_23-29-57,1690774197,33.35520792007446,579944,node06,10.0.0.6,33.35520792007446,1,0.00020283126881175557,0.0011318355375087136,0.0005215641597272009,0.0003527311808906739,2.8961152160363474e-05,3.217624181453897e-06,"/ddn/jchen/dev/optimization/batchdir/ray_ses/bopt/objective_c096f69e_64_netParams_connParams_PYR-_BC_AMPA_weight=0.0002,netParams_connParams_PYR-_BC_NMDA_weight=0.0011,netParams_co_2023-07-30_23-29-23"
64,"netParams.connParams.PYR->BC_AMPA.weight      0.000378
netParams.connParams.PYR->BC_NMDA.weight      0.001710
netParams.connParams.PYR->OLM_AMPA.weight     0.000366
netParams.connParams.PYR->OLM_NMDA.weight     0.000797
netParams.connParams.PYR->PYR_AMPA.weight     0.000024
netParams.connParams.PYR->PYR_NMDA.weight     0.000003
PYR                                           2.960000
BC                                           16.900000
OLM                                           2.630000
dtype: float64",2.96,16.9,2.63,2.8966666666666683,33.53062057495117,False,1,9c6af3b6,2023-07-30_23-30-31,1690774231,33.53062057495117,579944,node06,10.0.0.6,33.53062057495117,1,0.000378169622960297,0.0017102488048821927,0.00036555579841654343,0.0007971091312930662,2.4221599286307754e-05,3.370834962883388e-06,"/ddn/jchen/dev/optimization/batchdir/ray_ses/bopt/objective_9c6af3b6_65_netParams_connParams_PYR-_BC_AMPA_weight=0.0004,netParams_connParams_PYR-_BC_NMDA_weight=0.0017,netParams_co_2023-07-30_23-29-57"
65,"netParams.connParams.PYR->BC_AMPA.weight      0.000180
netParams.connParams.PYR->BC_NMDA.weight      0.002070
netParams.connParams.PYR->OLM_AMPA.weight     0.000180
netParams.connParams.PYR->OLM_NMDA.weight     0.001050
netParams.connParams.PYR->PYR_AMPA.weight     0.000030
netParams.connParams.PYR->PYR_NMDA.weight     0.000006
PYR                                           2.740000
BC                                           19.900000
OLM                                           3.480000
dtype: float64",2.74,19.9,3.48,0.1333666666666664,32.48105311393738,False,1,36d75729,2023-07-30_23-31-03,1690774263,32.48105311393738,579944,node06,10.0.0.6,32.48105311393738,1,0.00018,0.00207,0.00018,0.00105,3.0000000000000004e-05,6e-06,"/ddn/jchen/dev/optimization/batchdir/ray_ses/bopt/objective_36d75729_66_netParams_connParams_PYR-_BC_AMPA_weight=0.0002,netParams_connParams_PYR-_BC_NMDA_weight=0.0021,netParams_co_2023-07-30_23-30-31"
66,"netParams.connParams.PYR->BC_AMPA.weight      0.000324
netParams.connParams.PYR->BC_NMDA.weight      0.000960
netParams.connParams.PYR->OLM_AMPA.weight     0.000180
netParams.connParams.PYR->OLM_NMDA.weight     0.000612
netParams.connParams.PYR->PYR_AMPA.weight     0.000030
netParams.connParams.PYR->PYR_NMDA.weight     0.000006
PYR                                           4.170000
BC                                           17.400000
OLM                                           2.860000
dtype: float64",4.17,17.4,2.86,2.1170000000000013,34.46726202964783,False,1,15a5a43f,2023-07-30_23-31-38,1690774298,34.46726202964783,579944,node06,10.0.0.6,34.46726202964783,1,0.00032423038737468984,0.0009603297151302395,0.00018,0.0006122079374021826,3.0000000000000004e-05,6e-06,"/ddn/jchen/dev/optimization/batchdir/ray_ses/bopt/objective_15a5a43f_67_netParams_connParams_PYR-_BC_AMPA_weight=0.0003,netParams_connParams_PYR-_BC_NMDA_weight=0.0010,netParams_co_2023-07-30_23-31-04"
67,"netParams.connParams.PYR->BC_AMPA.weight      0.000180
netParams.connParams.PYR->BC_NMDA.weight      0.001389
netParams.connParams.PYR->OLM_AMPA.weight     0.000540
netParams.connParams.PYR->OLM_NMDA.weight     0.000632
netParams.connParams.PYR->PYR_AMPA.weight     0.000030
netParams.connParams.PYR->PYR_NMDA.weight     0.000006
PYR                                           3.740000
BC                                           22.600000
OLM                                           5.500000
dtype: float64",3.74,22.6,5.5,4.230300000000004,31.570409297943115,False,1,da136818,2023-07-30_23-32-10,1690774330,31.570409297943115,579944,node06,10.0.0.6,31.570409297943115,1,0.00018,0.0013891721100482255,0.00054,0.000631642844339834,3.0000000000000004e-05,6e-06,"/ddn/jchen/dev/optimization/batchdir/ray_ses/bopt/objective_da136818_68_netParams_connParams_PYR-_BC_AMPA_weight=0.0002,netParams_connParams_PYR-_BC_NMDA_weight=0.0014,netParams_co_2023-07-30_23-31-39"
68,"netParams.connParams.PYR->BC_AMPA.weight      0.000540
netParams.connParams.PYR->BC_NMDA.weight      0.001533
netParams.connParams.PYR->OLM_AMPA.weight     0.000540
netParams.connParams.PYR->OLM_NMDA.weight     0.000883
netParams.connParams.PYR->PYR_AMPA.weight     0.000010
netParams.connParams.PYR->PYR_NMDA.weight     0.000002
PYR                                           2.810000
BC                                           18.600000
OLM                                           3.970000
dtype: float64",2.81,18.6,3.97,0.5802999999999984,33.333232164382935,False,1,da5be04f,2023-07-30_23-32-44,1690774364,33.333232164382935,579944,node06,10.0.0.6,33.333232164382935,1,0.00054,0.001533209530240424,0.00054,0.0008826260215849653,1e-05,2e-06,"/ddn/jchen/dev/optimization/batchdir/ray_ses/bopt/objective_da5be04f_69_netParams_connParams_PYR-_BC_AMPA_weight=0.0005,netParams_connParams_PYR-_BC_NMDA_weight=0.0015,netParams_co_2023-07-30_23-32-11"
69,"netParams.connParams.PYR->BC_AMPA.weight      0.000180
netParams.connParams.PYR->BC_NMDA.weight      0.001075
netParams.connParams.PYR->OLM_AMPA.weight     0.000365
netParams.connParams.PYR->OLM_NMDA.weight     0.000649
netParams.connParams.PYR->PYR_AMPA.weight     0.000030
netParams.connParams.PYR->PYR_NMDA.weight     0.000006
PYR                                           3.640000
BC                                           18.600000
OLM                                           3.960000
dtype: float64",3.64,18.6,3.96,0.5133666666666651,34.808452129364014,False,1,0acb5b07,2023-07-30_23-33-20,1690774400,34.808452129364014,579944,node06,10.0.0.6,34.808452129364014,1,0.00018,0.0010748917937813411,0.00036486097145833283,0.0006488952731965542,3.0000000000000004e-05,6e-06,"/ddn/jchen/dev/optimization/batchdir/ray_ses/bopt/objective_0acb5b07_70_netParams_connParams_PYR-_BC_AMPA_weight=0.0002,netParams_connParams_PYR-_BC_NMDA_weight=0.0011,netParams_co_2023-07-30_23-32-45"
70,"netParams.connParams.PYR->BC_AMPA.weight      0.000180
netParams.connParams.PYR->BC_NMDA.weight      0.000690
netParams.connParams.PYR->OLM_AMPA.weight     0.000180
netParams.connParams.PYR->OLM_NMDA.weight     0.000606
netParams.connParams.PYR->PYR_AMPA.weight     0.000030
netParams.connParams.PYR->PYR_NMDA.weight     0.000006
PYR                                           4.510000
BC                                           17.800000
OLM                                           4.200000
dtype: float64",4.51,17.8,4.2,1.8372666666666648,35.15202474594116,False,1,ac6ec34b,2023-07-30_23-33-55,1690774435,35.15202474594116,579944,node06,10.0.0.6,35.15202474594116,1,0.00018,0.00069,0.00018,0.0006064455791040552,3.0000000000000004e-05,6e-06,"/ddn/jchen/dev/optimization/batchdir/ray_ses/bopt/objective_ac6ec34b_71_netParams_connParams_PYR-_BC_AMPA_weight=0.0002,netParams_connParams_PYR-_BC_NMDA_weight=0.0007,netParams_co_2023-07-30_23-33-20"
71,"netParams.connParams.PYR->BC_AMPA.weight      0.000180
netParams.connParams.PYR->BC_NMDA.weight      0.001216
netParams.connParams.PYR->OLM_AMPA.weight     0.000343
netParams.connParams.PYR->OLM_NMDA.weight     0.000850
netParams.connParams.PYR->PYR_AMPA.weight     0.000010
netParams.connParams.PYR->PYR_NMDA.weight     0.000002
PYR                                           3.310000
BC                                           18.500000
OLM                                           3.880000
dtype: float64",3.31,18.5,3.88,0.5363333333333327,34.65949726104736,False,1,1017f076,2023-07-30_23-34-30,1690774470,34.65949726104736,579944,node06,10.0.0.6,34.65949726104736,1,0.00018,0.0012156274518287072,0.00034285699473000567,0.0008501995254945087,1e-05,2e-06,"/ddn/jchen/dev/optimization/batchdir/ray_ses/bopt/objective_1017f076_72_netParams_connParams_PYR-_BC_AMPA_weight=0.0002,netParams_connParams_PYR-_BC_NMDA_weight=0.0012,netParams_co_2023-07-30_23-33-56"
72,"netParams.connParams.PYR->BC_AMPA.weight      0.000181
netParams.connParams.PYR->BC_NMDA.weight      0.001404
netParams.connParams.PYR->OLM_AMPA.weight     0.000291
netParams.connParams.PYR->OLM_NMDA.weight     0.000736
netParams.connParams.PYR->PYR_AMPA.weight     0.000028
netParams.connParams.PYR->PYR_NMDA.weight     0.000005
PYR                                           3.590000
BC                                           20.200000
OLM                                           4.220000
dtype: float64",3.59,20.2,4.22,0.2916666666666664,34.98256611824036,False,1,638b6a92,2023-07-30_23-35-06,1690774506,34.98256611824036,579944,node06,10.0.0.6,34.98256611824036,1,0.00018107557499382813,0.0014038999096231551,0.00029147073077258204,0.0007357713431427608,2.8127515202563395e-05,4.982130218435681e-06,"/ddn/jchen/dev/optimization/batchdir/ray_ses/bopt/objective_638b6a92_73_netParams_connParams_PYR-_BC_AMPA_weight=0.0002,netParams_connParams_PYR-_BC_NMDA_weight=0.0014,netParams_co_2023-07-30_23-34-31"
73,"netParams.connParams.PYR->BC_AMPA.weight      0.000540
netParams.connParams.PYR->BC_NMDA.weight      0.001404
netParams.connParams.PYR->OLM_AMPA.weight     0.000180
netParams.connParams.PYR->OLM_NMDA.weight     0.000763
netParams.connParams.PYR->PYR_AMPA.weight     0.000030
netParams.connParams.PYR->PYR_NMDA.weight     0.000006
PYR                                           3.370000
BC                                           19.600000
OLM                                           3.020000
dtype: float64",3.37,19.6,3.02,0.0711333333333332,34.12326645851135,False,1,67b7a889,2023-07-30_23-35-41,1690774541,34.12326645851135,579944,node06,10.0.0.6,34.12326645851135,1,0.00054,0.00140377856191623,0.00018,0.0007626822324456235,3.0000000000000004e-05,6e-06,"/ddn/jchen/dev/optimization/batchdir/ray_ses/bopt/objective_67b7a889_74_netParams_connParams_PYR-_BC_AMPA_weight=0.0005,netParams_connParams_PYR-_BC_NMDA_weight=0.0014,netParams_co_2023-07-30_23-35-07"
74,"netParams.connParams.PYR->BC_AMPA.weight      0.000540
netParams.connParams.PYR->BC_NMDA.weight      0.002070
netParams.connParams.PYR->OLM_AMPA.weight     0.000180
netParams.connParams.PYR->OLM_NMDA.weight     0.001050
netParams.connParams.PYR->PYR_AMPA.weight     0.000030
netParams.connParams.PYR->PYR_NMDA.weight     0.000002
PYR                                           2.520000
BC                                           17.900000
OLM                                           2.980000
dtype: float64",2.52,17.9,2.98,1.3841666666666674,34.036303997039795,False,1,3fb8dd3b,2023-07-30_23-36-15,1690774575,34.036303997039795,579944,node06,10.0.0.6,34.036303997039795,1,0.00054,0.00207,0.00018,0.00105,3.0000000000000004e-05,2e-06,"/ddn/jchen/dev/optimization/batchdir/ray_ses/bopt/objective_3fb8dd3b_75_netParams_connParams_PYR-_BC_AMPA_weight=0.0005,netParams_connParams_PYR-_BC_NMDA_weight=0.0021,netParams_co_2023-07-30_23-35-41"
75,"netParams.connParams.PYR->BC_AMPA.weight      0.000540
netParams.connParams.PYR->BC_NMDA.weight      0.001371
netParams.connParams.PYR->OLM_AMPA.weight     0.000368
netParams.connParams.PYR->OLM_NMDA.weight     0.000683
netParams.connParams.PYR->PYR_AMPA.weight     0.000030
netParams.connParams.PYR->PYR_NMDA.weight     0.000006
PYR                                           3.360000
BC                                           19.900000
OLM                                           3.010000
dtype: float64",3.36,19.9,3.01,0.084,32.86565065383911,False,1,51fe75f4,2023-07-30_23-36-49,1690774609,32.86565065383911,579944,node06,10.0.0.6,32.86565065383911,1,0.00054,0.0013712533437677814,0.00036806642952008547,0.0006827097624509871,3.0000000000000004e-05,6e-06,"/ddn/jchen/dev/optimization/batchdir/ray_ses/bopt/objective_51fe75f4_76_netParams_connParams_PYR-_BC_AMPA_weight=0.0005,netParams_connParams_PYR-_BC_NMDA_weight=0.0014,netParams_co_2023-07-30_23-36-16"
76,"netParams.connParams.PYR->BC_AMPA.weight      0.000327
netParams.connParams.PYR->BC_NMDA.weight      0.001475
netParams.connParams.PYR->OLM_AMPA.weight     0.000225
netParams.connParams.PYR->OLM_NMDA.weight     0.000729
netParams.connParams.PYR->PYR_AMPA.weight     0.000010
netParams.connParams.PYR->PYR_NMDA.weight     0.000002
PYR                                           3.420000
BC                                           20.200000
OLM                                           3.350000
dtype: float64",3.42,20.2,3.35,0.0902666666666666,33.245200395584106,False,1,9e764fe3,2023-07-30_23-37-22,1690774642,33.245200395584106,579944,node06,10.0.0.6,33.245200395584106,1,0.0003272032412592462,0.0014748574905888668,0.00022506151475715488,0.0007294843565950342,1e-05,2e-06,"/ddn/jchen/dev/optimization/batchdir/ray_ses/bopt/objective_9e764fe3_77_netParams_connParams_PYR-_BC_AMPA_weight=0.0003,netParams_connParams_PYR-_BC_NMDA_weight=0.0015,netParams_co_2023-07-30_23-36-49"
77,"netParams.connParams.PYR->BC_AMPA.weight      0.000180
netParams.connParams.PYR->BC_NMDA.weight      0.002070
netParams.connParams.PYR->OLM_AMPA.weight     0.000540
netParams.connParams.PYR->OLM_NMDA.weight     0.000350
netParams.connParams.PYR->PYR_AMPA.weight     0.000030
netParams.connParams.PYR->PYR_NMDA.weight     0.000002
PYR                                           3.680000
BC                                           21.800000
OLM                                           1.830000
dtype: float64",3.68,21.8,1.83,2.405066666666669,34.79967904090881,False,1,c854d532,2023-07-30_23-37-57,1690774677,34.79967904090881,579944,node06,10.0.0.6,34.79967904090881,1,0.00018,0.00207,0.00054,0.00035,3.0000000000000004e-05,2e-06,"/ddn/jchen/dev/optimization/batchdir/ray_ses/bopt/objective_c854d532_78_netParams_connParams_PYR-_BC_AMPA_weight=0.0002,netParams_connParams_PYR-_BC_NMDA_weight=0.0021,netParams_co_2023-07-30_23-37-23"
78,"netParams.connParams.PYR->BC_AMPA.weight      0.000336
netParams.connParams.PYR->BC_NMDA.weight      0.002070
netParams.connParams.PYR->OLM_AMPA.weight     0.000180
netParams.connParams.PYR->OLM_NMDA.weight     0.000948
netParams.connParams.PYR->PYR_AMPA.weight     0.000030
netParams.connParams.PYR->PYR_NMDA.weight     0.000002
PYR                                           2.810000
BC                                           19.400000
OLM                                           3.360000
dtype: float64",2.81,19.4,3.36,0.1276666666666667,33.19868516921997,False,1,e1a0b1b0,2023-07-30_23-38-31,1690774711,33.19868516921997,579944,node06,10.0.0.6,33.19868516921997,1,0.00033559123359941406,0.00207,0.00018,0.0009475222972922635,3.0000000000000004e-05,2e-06,"/ddn/jchen/dev/optimization/batchdir/ray_ses/bopt/objective_e1a0b1b0_79_netParams_connParams_PYR-_BC_AMPA_weight=0.0003,netParams_connParams_PYR-_BC_NMDA_weight=0.0021,netParams_co_2023-07-30_23-37-58"
79,"netParams.connParams.PYR->BC_AMPA.weight      0.000297
netParams.connParams.PYR->BC_NMDA.weight      0.001400
netParams.connParams.PYR->OLM_AMPA.weight     0.000373
netParams.connParams.PYR->OLM_NMDA.weight     0.000924
netParams.connParams.PYR->PYR_AMPA.weight     0.000030
netParams.connParams.PYR->PYR_NMDA.weight     0.000002
PYR                                           3.320000
BC                                           20.000000
OLM                                           5.290000
dtype: float64",3.32,20.0,5.29,1.1342666666666663,34.89183592796326,False,1,5a767ead,2023-07-30_23-39-07,1690774747,34.89183592796326,579944,node06,10.0.0.6,34.89183592796326,1,0.00029672403979491915,0.001399656497901945,0.00037333086413460855,0.0009242691632259974,3.0000000000000004e-05,2e-06,"/ddn/jchen/dev/optimization/batchdir/ray_ses/bopt/objective_5a767ead_80_netParams_connParams_PYR-_BC_AMPA_weight=0.0003,netParams_connParams_PYR-_BC_NMDA_weight=0.0014,netParams_co_2023-07-30_23-38-32"
80,"netParams.connParams.PYR->BC_AMPA.weight      0.000180
netParams.connParams.PYR->BC_NMDA.weight      0.001738
netParams.connParams.PYR->OLM_AMPA.weight     0.000540
netParams.connParams.PYR->OLM_NMDA.weight     0.000350
netParams.connParams.PYR->PYR_AMPA.weight     0.000030
netParams.connParams.PYR->PYR_NMDA.weight     0.000002
PYR                                           4.010000
BC                                           25.400000
OLM                                           1.880000
dtype: float64",4.01,25.4,1.88,11.822333333333331,35.093918323516846,False,1,b027d058,2023-07-30_23-39-42,1690774782,35.093918323516846,579944,node06,10.0.0.6,35.093918323516846,1,0.00018,0.0017376303113259817,0.00054,0.00035,3.0000000000000004e-05,2e-06,"/ddn/jchen/dev/optimization/batchdir/ray_ses/bopt/objective_b027d058_81_netParams_connParams_PYR-_BC_AMPA_weight=0.0002,netParams_connParams_PYR-_BC_NMDA_weight=0.0017,netParams_co_2023-07-30_23-39-07"
81,"netParams.connParams.PYR->BC_AMPA.weight      0.000180
netParams.connParams.PYR->BC_NMDA.weight      0.001000
netParams.connParams.PYR->OLM_AMPA.weight     0.000291
netParams.connParams.PYR->OLM_NMDA.weight     0.000854
netParams.connParams.PYR->PYR_AMPA.weight     0.000010
netParams.connParams.PYR->PYR_NMDA.weight     0.000002
PYR                                           3.450000
BC                                           17.200000
OLM                                           4.540000
dtype: float64",3.45,17.2,4.54,2.469,32.924946784973145,False,1,deb7b991,2023-07-30_23-40-16,1690774816,32.924946784973145,579944,node06,10.0.0.6,32.924946784973145,1,0.00018,0.0010003795289286969,0.00029149080144469635,0.0008539279449009966,1e-05,2e-06,"/ddn/jchen/dev/optimization/batchdir/ray_ses/bopt/objective_deb7b991_82_netParams_connParams_PYR-_BC_AMPA_weight=0.0002,netParams_connParams_PYR-_BC_NMDA_weight=0.0010,netParams_co_2023-07-30_23-39-43"
82,"netParams.connParams.PYR->BC_AMPA.weight      0.000348
netParams.connParams.PYR->BC_NMDA.weight      0.002070
netParams.connParams.PYR->OLM_AMPA.weight     0.000298
netParams.connParams.PYR->OLM_NMDA.weight     0.001050
netParams.connParams.PYR->PYR_AMPA.weight     0.000030
netParams.connParams.PYR->PYR_NMDA.weight     0.000002
PYR                                           2.630000
BC                                           18.700000
OLM                                           3.470000
dtype: float64",2.63,18.7,3.47,0.5013666666666666,34.630507946014404,False,1,baa0d620,2023-07-30_23-40-51,1690774851,34.630507946014404,579944,node06,10.0.0.6,34.630507946014404,1,0.0003477535169591768,0.00207,0.0002977121021106894,0.00105,3.0000000000000004e-05,2e-06,"/ddn/jchen/dev/optimization/batchdir/ray_ses/bopt/objective_baa0d620_83_netParams_connParams_PYR-_BC_AMPA_weight=0.0003,netParams_connParams_PYR-_BC_NMDA_weight=0.0021,netParams_co_2023-07-30_23-40-16"
83,"netParams.connParams.PYR->BC_AMPA.weight      0.000187
netParams.connParams.PYR->BC_NMDA.weight      0.001975
netParams.connParams.PYR->OLM_AMPA.weight     0.000525
netParams.connParams.PYR->OLM_NMDA.weight     0.000799
netParams.connParams.PYR->PYR_AMPA.weight     0.000028
netParams.connParams.PYR->PYR_NMDA.weight     0.000004
PYR                                           2.800000
BC                                           19.100000
OLM                                           3.300000
dtype: float64",2.8,19.1,3.3,0.2268333333333325,33.65220355987549,False,1,3b2bc941,2023-07-30_23-41-25,1690774885,33.65220355987549,579944,node06,10.0.0.6,33.65220355987549,1,0.00018738622195405637,0.001974528189101665,0.0005254905363396623,0.0007988411053830875,2.779853695403214e-05,3.5639656877078432e-06,"/ddn/jchen/dev/optimization/batchdir/ray_ses/bopt/objective_3b2bc941_84_netParams_connParams_PYR-_BC_AMPA_weight=0.0002,netParams_connParams_PYR-_BC_NMDA_weight=0.0020,netParams_co_2023-07-30_23-40-51"
84,"netParams.connParams.PYR->BC_AMPA.weight      0.000540
netParams.connParams.PYR->BC_NMDA.weight      0.000690
netParams.connParams.PYR->OLM_AMPA.weight     0.000540
netParams.connParams.PYR->OLM_NMDA.weight     0.000582
netParams.connParams.PYR->PYR_AMPA.weight     0.000030
netParams.connParams.PYR->PYR_NMDA.weight     0.000006
PYR                                           3.930000
BC                                           15.800000
OLM                                           5.000000
dtype: float64",3.93,15.8,5.0,5.966333333333329,34.57580542564392,False,1,b7c9d5b6,2023-07-30_23-42-00,1690774920,34.57580542564392,579944,node06,10.0.0.6,34.57580542564392,1,0.00054,0.00069,0.00054,0.0005823135525496354,3.0000000000000004e-05,6e-06,"/ddn/jchen/dev/optimization/batchdir/ray_ses/bopt/objective_b7c9d5b6_85_netParams_connParams_PYR-_BC_AMPA_weight=0.0005,netParams_connParams_PYR-_BC_NMDA_weight=0.0007,netParams_co_2023-07-30_23-41-25"
85,"netParams.connParams.PYR->BC_AMPA.weight      0.000180
netParams.connParams.PYR->BC_NMDA.weight      0.001283
netParams.connParams.PYR->OLM_AMPA.weight     0.000180
netParams.connParams.PYR->OLM_NMDA.weight     0.000753
netParams.connParams.PYR->PYR_AMPA.weight     0.000030
netParams.connParams.PYR->PYR_NMDA.weight     0.000002
PYR                                           3.520000
BC                                           18.000000
OLM                                           3.120000
dtype: float64",3.52,18.0,3.12,1.014966666666666,34.22028160095215,False,1,241b3dbc,2023-07-30_23-42-35,1690774955,34.22028160095215,579944,node06,10.0.0.6,34.22028160095215,1,0.00018,0.0012828758680206945,0.00018,0.0007533380313668297,3.0000000000000004e-05,2e-06,"/ddn/jchen/dev/optimization/batchdir/ray_ses/bopt/objective_241b3dbc_86_netParams_connParams_PYR-_BC_AMPA_weight=0.0002,netParams_connParams_PYR-_BC_NMDA_weight=0.0013,netParams_co_2023-07-30_23-42-01"
86,"netParams.connParams.PYR->BC_AMPA.weight      0.000180
netParams.connParams.PYR->BC_NMDA.weight      0.001100
netParams.connParams.PYR->OLM_AMPA.weight     0.000540
netParams.connParams.PYR->OLM_NMDA.weight     0.000757
netParams.connParams.PYR->PYR_AMPA.weight     0.000030
netParams.connParams.PYR->PYR_NMDA.weight     0.000002
PYR                                           3.560000
BC                                           18.500000
OLM                                           5.080000
dtype: float64",3.56,18.5,5.08,1.360166666666666,33.23796534538269,False,1,bd3bd078,2023-07-30_23-43-09,1690774989,33.23796534538269,579944,node06,10.0.0.6,33.23796534538269,1,0.00018,0.0010995272085287347,0.00054,0.0007573519798713029,3.0000000000000004e-05,2e-06,"/ddn/jchen/dev/optimization/batchdir/ray_ses/bopt/objective_bd3bd078_87_netParams_connParams_PYR-_BC_AMPA_weight=0.0002,netParams_connParams_PYR-_BC_NMDA_weight=0.0011,netParams_co_2023-07-30_23-42-35"
87,"netParams.connParams.PYR->BC_AMPA.weight      0.000540
netParams.connParams.PYR->BC_NMDA.weight      0.001435
netParams.connParams.PYR->OLM_AMPA.weight     0.000540
netParams.connParams.PYR->OLM_NMDA.weight     0.000557
netParams.connParams.PYR->PYR_AMPA.weight     0.000010
netParams.connParams.PYR->PYR_NMDA.weight     0.000006
PYR                                           3.360000
BC                                           19.400000
OLM                                           2.770000
dtype: float64",3.36,19.4,2.77,0.1934666666666669,33.805331230163574,False,1,b4e5caa4,2023-07-30_23-43-43,1690775023,33.805331230163574,579944,node06,10.0.0.6,33.805331230163574,1,0.00054,0.0014352750744027851,0.00054,0.0005567340880426572,1e-05,6e-06,"/ddn/jchen/dev/optimization/batchdir/ray_ses/bopt/objective_b4e5caa4_88_netParams_connParams_PYR-_BC_AMPA_weight=0.0005,netParams_connParams_PYR-_BC_NMDA_weight=0.0014,netParams_co_2023-07-30_23-43-09"
88,"netParams.connParams.PYR->BC_AMPA.weight      0.000540
netParams.connParams.PYR->BC_NMDA.weight      0.001672
netParams.connParams.PYR->OLM_AMPA.weight     0.000540
netParams.connParams.PYR->OLM_NMDA.weight     0.001050
netParams.connParams.PYR->PYR_AMPA.weight     0.000030
netParams.connParams.PYR->PYR_NMDA.weight     0.000006
PYR                                           2.440000
BC                                           14.800000
OLM                                           3.230000
dtype: float64",2.44,14.8,3.23,8.29253333333333,33.989826679229736,False,1,beaef58e,2023-07-30_23-44-17,1690775057,33.989826679229736,579944,node06,10.0.0.6,33.989826679229736,1,0.00054,0.0016723769355974376,0.00054,0.00105,3.0000000000000004e-05,6e-06,"/ddn/jchen/dev/optimization/batchdir/ray_ses/bopt/objective_beaef58e_89_netParams_connParams_PYR-_BC_AMPA_weight=0.0005,netParams_connParams_PYR-_BC_NMDA_weight=0.0017,netParams_co_2023-07-30_23-43-43"
89,"netParams.connParams.PYR->BC_AMPA.weight      0.000387
netParams.connParams.PYR->BC_NMDA.weight      0.001443
netParams.connParams.PYR->OLM_AMPA.weight     0.000540
netParams.connParams.PYR->OLM_NMDA.weight     0.000868
netParams.connParams.PYR->PYR_AMPA.weight     0.000010
netParams.connParams.PYR->PYR_NMDA.weight     0.000002
PYR                                           2.890000
BC                                           15.900000
OLM                                           3.860000
dtype: float64",2.89,15.9,3.86,4.931533333333331,33.332183837890625,False,1,572cc503,2023-07-30_23-44-51,1690775091,33.332183837890625,579944,node06,10.0.0.6,33.332183837890625,1,0.00038654073368405724,0.0014427237087516664,0.00054,0.0008682358583641838,1e-05,2e-06,"/ddn/jchen/dev/optimization/batchdir/ray_ses/bopt/objective_572cc503_90_netParams_connParams_PYR-_BC_AMPA_weight=0.0004,netParams_connParams_PYR-_BC_NMDA_weight=0.0014,netParams_co_2023-07-30_23-44-18"
90,"netParams.connParams.PYR->BC_AMPA.weight      0.000293
netParams.connParams.PYR->BC_NMDA.weight      0.002070
netParams.connParams.PYR->OLM_AMPA.weight     0.000540
netParams.connParams.PYR->OLM_NMDA.weight     0.000857
netParams.connParams.PYR->PYR_AMPA.weight     0.000030
netParams.connParams.PYR->PYR_NMDA.weight     0.000002
PYR                                           2.760000
BC                                           20.900000
OLM                                           3.500000
dtype: float64",2.76,20.9,3.5,0.5924333333333328,34.692261695861816,False,1,14cc3f80,2023-07-30_23-45-27,1690775127,34.692261695861816,579944,node06,10.0.0.6,34.692261695861816,1,0.00029324102002080047,0.00207,0.00054,0.0008567818589019455,3.0000000000000004e-05,2e-06,"/ddn/jchen/dev/optimization/batchdir/ray_ses/bopt/objective_14cc3f80_91_netParams_connParams_PYR-_BC_AMPA_weight=0.0003,netParams_connParams_PYR-_BC_NMDA_weight=0.0021,netParams_co_2023-07-30_23-44-52"
91,"netParams.connParams.PYR->BC_AMPA.weight      0.000540
netParams.connParams.PYR->BC_NMDA.weight      0.001516
netParams.connParams.PYR->OLM_AMPA.weight     0.000357
netParams.connParams.PYR->OLM_NMDA.weight     0.000854
netParams.connParams.PYR->PYR_AMPA.weight     0.000010
netParams.connParams.PYR->PYR_NMDA.weight     0.000002
PYR                                           2.900000
BC                                           17.300000
OLM                                           3.210000
dtype: float64",2.9,17.3,3.21,2.007066666666665,32.4569149017334,False,1,e66873e0,2023-07-30_23-46-00,1690775160,32.4569149017334,579944,node06,10.0.0.6,32.4569149017334,1,0.00054,0.0015158890751278623,0.0003565820954145823,0.000854174619988043,1e-05,2e-06,"/ddn/jchen/dev/optimization/batchdir/ray_ses/bopt/objective_e66873e0_92_netParams_connParams_PYR-_BC_AMPA_weight=0.0005,netParams_connParams_PYR-_BC_NMDA_weight=0.0015,netParams_co_2023-07-30_23-45-27"
92,"netParams.connParams.PYR->BC_AMPA.weight      0.000540
netParams.connParams.PYR->BC_NMDA.weight      0.001296
netParams.connParams.PYR->OLM_AMPA.weight     0.000540
netParams.connParams.PYR->OLM_NMDA.weight     0.000619
netParams.connParams.PYR->PYR_AMPA.weight     0.000030
netParams.connParams.PYR->PYR_NMDA.weight     0.000006
PYR                                           3.290000
BC                                           18.700000
OLM                                           3.600000
dtype: float64",3.29,18.7,3.6,0.3397999999999999,34.56137299537659,False,1,d43feba5,2023-07-30_23-46-35,1690775195,34.56137299537659,579944,node06,10.0.0.6,34.56137299537659,1,0.00054,0.0012962971041896273,0.00054,0.0006187994501500137,3.0000000000000004e-05,6e-06,"/ddn/jchen/dev/optimization/batchdir/ray_ses/bopt/objective_d43feba5_93_netParams_connParams_PYR-_BC_AMPA_weight=0.0005,netParams_connParams_PYR-_BC_NMDA_weight=0.0013,netParams_co_2023-07-30_23-46-00"
93,"netParams.connParams.PYR->BC_AMPA.weight      0.000345
netParams.connParams.PYR->BC_NMDA.weight      0.001140
netParams.connParams.PYR->OLM_AMPA.weight     0.000540
netParams.connParams.PYR->OLM_NMDA.weight     0.000494
netParams.connParams.PYR->PYR_AMPA.weight     0.000030
netParams.connParams.PYR->PYR_NMDA.weight     0.000002
PYR                                           3.810000
BC                                           19.500000
OLM                                           3.980000
dtype: float64",3.81,19.5,3.98,0.1736666666666665,33.211607933044434,False,1,b9de9e84,2023-07-30_23-47-08,1690775228,33.211607933044434,579944,node06,10.0.0.6,33.211607933044434,1,0.0003447234249828841,0.0011400886168041072,0.00054,0.0004942607977071618,3.0000000000000004e-05,2e-06,"/ddn/jchen/dev/optimization/batchdir/ray_ses/bopt/objective_b9de9e84_94_netParams_connParams_PYR-_BC_AMPA_weight=0.0003,netParams_connParams_PYR-_BC_NMDA_weight=0.0011,netParams_co_2023-07-30_23-46-35"
94,"netParams.connParams.PYR->BC_AMPA.weight      0.000180
netParams.connParams.PYR->BC_NMDA.weight      0.000690
netParams.connParams.PYR->OLM_AMPA.weight     0.000180
netParams.connParams.PYR->OLM_NMDA.weight     0.000350
netParams.connParams.PYR->PYR_AMPA.weight     0.000030
netParams.connParams.PYR->PYR_NMDA.weight     0.000002
PYR                                           6.270000
BC                                           23.900000
OLM                                           3.560000
dtype: float64",6.27,23.9,3.56,8.74433333333333,35.585177421569824,False,1,33d49c5a,2023-07-30_23-47-44,1690775264,35.585177421569824,579944,node06,10.0.0.6,35.585177421569824,1,0.00018,0.00069,0.00018,0.00035,3.0000000000000004e-05,2e-06,"/ddn/jchen/dev/optimization/batchdir/ray_ses/bopt/objective_33d49c5a_95_netParams_connParams_PYR-_BC_AMPA_weight=0.0002,netParams_connParams_PYR-_BC_NMDA_weight=0.0007,netParams_co_2023-07-30_23-47-09"
95,"netParams.connParams.PYR->BC_AMPA.weight      0.000338
netParams.connParams.PYR->BC_NMDA.weight      0.001084
netParams.connParams.PYR->OLM_AMPA.weight     0.000344
netParams.connParams.PYR->OLM_NMDA.weight     0.000649
netParams.connParams.PYR->PYR_AMPA.weight     0.000018
netParams.connParams.PYR->PYR_NMDA.weight     0.000005
PYR                                           3.600000
BC                                           18.400000
OLM                                           3.620000
dtype: float64",3.6,18.4,3.62,0.5933666666666674,35.65816640853882,False,1,f3126d45,2023-07-30_23-48-21,1690775301,35.65816640853882,579944,node06,10.0.0.6,35.65816640853882,1,0.0003382468664209332,0.0010842581408967004,0.000343888708270999,0.0006490143702122238,1.797015603854218e-05,5.408452735018248e-06,"/ddn/jchen/dev/optimization/batchdir/ray_ses/bopt/objective_f3126d45_96_netParams_connParams_PYR-_BC_AMPA_weight=0.0003,netParams_connParams_PYR-_BC_NMDA_weight=0.0011,netParams_co_2023-07-30_23-47-45"
96,"netParams.connParams.PYR->BC_AMPA.weight      0.000340
netParams.connParams.PYR->BC_NMDA.weight      0.001226
netParams.connParams.PYR->OLM_AMPA.weight     0.000266
netParams.connParams.PYR->OLM_NMDA.weight     0.000949
netParams.connParams.PYR->PYR_AMPA.weight     0.000030
netParams.connParams.PYR->PYR_NMDA.weight     0.000002
PYR                                           3.120000
BC                                           17.100000
OLM                                           4.340000
dtype: float64",3.12,17.1,4.34,2.5217666666666627,33.554274797439575,False,1,1d8eb324,2023-07-30_23-48-55,1690775335,33.554274797439575,579944,node06,10.0.0.6,33.554274797439575,1,0.0003400493580574519,0.001225795003705492,0.0002662954715888321,0.0009485292749714768,3.0000000000000004e-05,2e-06,"/ddn/jchen/dev/optimization/batchdir/ray_ses/bopt/objective_1d8eb324_97_netParams_connParams_PYR-_BC_AMPA_weight=0.0003,netParams_connParams_PYR-_BC_NMDA_weight=0.0012,netParams_co_2023-07-30_23-48-21"
97,"netParams.connParams.PYR->BC_AMPA.weight      0.000180
netParams.connParams.PYR->BC_NMDA.weight      0.000690
netParams.connParams.PYR->OLM_AMPA.weight     0.000540
netParams.connParams.PYR->OLM_NMDA.weight     0.001050
netParams.connParams.PYR->PYR_AMPA.weight     0.000030
netParams.connParams.PYR->PYR_NMDA.weight     0.000006
PYR                                           4.550000
BC                                           17.700000
OLM                                           8.230000
dtype: float64",4.55,17.7,8.23,9.3739,31.53946566581726,False,1,5bf9848c,2023-07-30_23-49-27,1690775367,31.53946566581726,579944,node06,10.0.0.6,31.53946566581726,1,0.00018,0.00069,0.00054,0.00105,3.0000000000000004e-05,6e-06,"/ddn/jchen/dev/optimization/batchdir/ray_ses/bopt/objective_5bf9848c_98_netParams_connParams_PYR-_BC_AMPA_weight=0.0002,netParams_connParams_PYR-_BC_NMDA_weight=0.0007,netParams_co_2023-07-30_23-48-55"
98,"netParams.connParams.PYR->BC_AMPA.weight      0.000180
netParams.connParams.PYR->BC_NMDA.weight      0.000905
netParams.connParams.PYR->OLM_AMPA.weight     0.000540
netParams.connParams.PYR->OLM_NMDA.weight     0.000539
netParams.connParams.PYR->PYR_AMPA.weight     0.000010
netParams.connParams.PYR->PYR_NMDA.weight     0.000006
PYR                                           3.900000
BC                                           18.200000
OLM                                           4.600000
dtype: float64",3.9,18.2,4.6,1.2801666666666662,33.215686082839966,False,1,1bfa2f2a,2023-07-30_23-50-01,1690775401,33.215686082839966,579944,node06,10.0.0.6,33.215686082839966,1,0.00018,0.0009049778248473087,0.00054,0.0005393889087097173,1e-05,6e-06,"/ddn/jchen/dev/optimization/batchdir/ray_ses/bopt/objective_1bfa2f2a_99_netParams_connParams_PYR-_BC_AMPA_weight=0.0002,netParams_connParams_PYR-_BC_NMDA_weight=0.0009,netParams_co_2023-07-30_23-49-28"
99,"netParams.connParams.PYR->BC_AMPA.weight      0.000180
netParams.connParams.PYR->BC_NMDA.weight      0.000830
netParams.connParams.PYR->OLM_AMPA.weight     0.000180
netParams.connParams.PYR->OLM_NMDA.weight     0.000739
netParams.connParams.PYR->PYR_AMPA.weight     0.000030
netParams.connParams.PYR->PYR_NMDA.weight     0.000006
PYR                                           4.270000
BC                                           19.100000
OLM                                           5.070000
dtype: float64",4.27,19.1,5.07,1.2616333333333325,33.24202036857605,False,1,86d45771,2023-07-30_23-50-35,1690775435,33.24202036857605,579944,node06,10.0.0.6,33.24202036857605,1,0.00018,0.0008302634620229678,0.00018,0.000739231535961789,3.0000000000000004e-05,6e-06,"/ddn/jchen/dev/optimization/batchdir/ray_ses/bopt/objective_86d45771_100_netParams_connParams_PYR-_BC_AMPA_weight=0.0002,netParams_connParams_PYR-_BC_NMDA_weight=0.0008,netParams_c_2023-07-30_23-50-01"
